"","Taxagroup","Family","Subfamily","Taxon","gra","min","xyl","shr","gat","aff","pff","pre","par","oth"
"1","Chironomidae","CHIRONOMIDAE","CHIRONOMINAE-Tribus Chironomini","Chironomus acutiventris acutiventris",0,0,0,0,7,3,0,0,0,0
"2","Chironomidae","CHIRONOMIDAE","CHIRONOMINAE-Tribus Chironomini","Chironomus acutiventris bavaricus",0,0,0,0,7,3,0,0,0,0
"3","Chironomidae","CHIRONOMIDAE","CHIRONOMINAE-Tribus Chironomini","Chironomus anthracinus",0,0,0,0,7,3,0,0,0,0
"4","Chironomidae","CHIRONOMIDAE","CHIRONOMINAE-Tribus Chironomini","Chironomus aprilinus",3,0,0,0,4,0,3,0,0,0
"5","Chironomidae","CHIRONOMIDAE","CHIRONOMINAE-Tribus Chironomini","Chironomus balatonicus",0,0,0,0,7,3,0,0,0,0
"6","Chironomidae","CHIRONOMIDAE","CHIRONOMINAE-Tribus Chironomini","Chironomus bernensis",0,0,0,0,7,3,0,0,0,0
"7","Chironomidae","CHIRONOMIDAE","CHIRONOMINAE-Tribus Chironomini","Chironomus cingulatus",3,0,0,0,4,0,3,0,0,0
"8","Chironomidae","CHIRONOMIDAE","CHIRONOMINAE-Tribus Chironomini","Chironomus dorsalis",0,0,0,0,9,1,0,0,0,0
"9","Chironomidae","CHIRONOMIDAE","CHIRONOMINAE-Tribus Chironomini","Chironomus luridus",3,0,0,0,4,0,3,0,0,0
"10","Chironomidae","CHIRONOMIDAE","CHIRONOMINAE-Tribus Chironomini","Chironomus melanescens",0,0,0,0,9,1,0,0,0,0
"11","Chironomidae","CHIRONOMIDAE","CHIRONOMINAE-Tribus Chironomini","Chironomus obtusidens",0,0,0,0,7,3,0,0,0,0
"12","Chironomidae","CHIRONOMIDAE","CHIRONOMINAE-Tribus Chironomini","Chironomus pallidivittatus",3,0,0,0,7,0,0,0,0,0
"13","Chironomidae","CHIRONOMIDAE","CHIRONOMINAE-Tribus Chironomini","Chironomus plumosus",0,0,0,0,6,4,0,0,0,0
"14","Chironomidae","CHIRONOMIDAE","CHIRONOMINAE-Tribus Chironomini","Chironomus riparius",0,0,0,0,7,3,0,0,0,0
"15","Chironomidae","CHIRONOMIDAE","CHIRONOMINAE-Tribus Chironomini","Chironomus salinarius",3,0,0,0,4,0,3,0,0,0
"16","Chironomidae","CHIRONOMIDAE","CHIRONOMINAE-Tribus Chironomini","Chironomus tentans",0,0,0,1,6,3,0,0,0,0
"17","Chironomidae","CHIRONOMIDAE","CHIRONOMINAE-Tribus Chironomini","Cladopelma virescens",1,0,0,0,8,0,0,1,0,0
"18","Chironomidae","CHIRONOMIDAE","CHIRONOMINAE-Tribus Chironomini","Cladopelma viridulum",1,0,0,0,8,0,0,1,0,0
"19","Chironomidae","CHIRONOMIDAE","CHIRONOMINAE-Tribus Chironomini","Cryptochironomus defectus",0,0,0,0,4,0,0,6,0,0
"20","Chironomidae","CHIRONOMIDAE","CHIRONOMINAE-Tribus Chironomini","Cryptochironomus obreptans",0,0,0,0,4,0,0,6,0,0
"21","Chironomidae","CHIRONOMIDAE","CHIRONOMINAE-Tribus Chironomini","Cryptochironomus psittacinus",0,0,0,0,2,0,0,8,0,0
"22","Chironomidae","CHIRONOMIDAE","CHIRONOMINAE-Tribus Chironomini","Cryptochironomus redekei",0,0,0,0,2,0,0,8,0,0
"23","Chironomidae","CHIRONOMIDAE","CHIRONOMINAE-Tribus Chironomini","Cryptochironomus rostratus",0,0,0,0,4,0,0,6,0,0
"24","Chironomidae","CHIRONOMIDAE","CHIRONOMINAE-Tribus Chironomini","Cryptochironomus supplicans",0,0,0,0,4,0,0,6,0,0
"25","Chironomidae","CHIRONOMIDAE","CHIRONOMINAE-Tribus Chironomini","Demeijerea rufipes",0,0,0,0,0,0,0,0,10,0
"26","Chironomidae","CHIRONOMIDAE","CHIRONOMINAE-Tribus Chironomini","Demicryptochironomus vulneratus",0,0,0,0,5,0,0,5,0,0
"27","Chironomidae","CHIRONOMIDAE","CHIRONOMINAE-Tribus Chironomini","Dicrotendipes lobiger",4,0,0,0,3,3,0,0,0,0
"28","Chironomidae","CHIRONOMIDAE","CHIRONOMINAE-Tribus Chironomini","Dicrotendipes modestus",2,0,0,0,5,3,0,0,0,0
"29","Chironomidae","CHIRONOMIDAE","CHIRONOMINAE-Tribus Chironomini","Dicrotendipes nervosus",4,0,0,0,3,3,0,0,0,0
"30","Chironomidae","CHIRONOMIDAE","CHIRONOMINAE-Tribus Chironomini","Dicrotendipes notatus",4,0,0,0,3,3,0,0,0,0
"31","Chironomidae","CHIRONOMIDAE","CHIRONOMINAE-Tribus Chironomini","Dicrotendipes tritomus",4,0,0,0,3,3,0,0,0,0
"32","Chironomidae","CHIRONOMIDAE","CHIRONOMINAE-Tribus Chironomini","Einfeldia dissidens",0,0,0,0,8,2,0,0,0,0
"33","Chironomidae","CHIRONOMIDAE","CHIRONOMINAE-Tribus Chironomini","Einfeldia pagana",0,0,0,0,8,2,0,0,0,0
"34","Chironomidae","CHIRONOMIDAE","CHIRONOMINAE-Tribus Chironomini","Endochironomus albipennis",2,1,0,0,1,6,0,0,0,0
"35","Chironomidae","CHIRONOMIDAE","CHIRONOMINAE-Tribus Chironomini","Endochironomus tendens",1,1,0,0,1,7,0,0,0,0
"36","Chironomidae","CHIRONOMIDAE","CHIRONOMINAE-Tribus Chironomini","Fleuria lacustris",0,0,0,0,10,0,0,0,0,0
"37","Chironomidae","CHIRONOMIDAE","CHIRONOMINAE-Tribus Chironomini","Glyptotendipes barbipes",0,0,0,0,8,2,0,0,0,0
"38","Chironomidae","CHIRONOMIDAE","CHIRONOMINAE-Tribus Chironomini","Glyptotendipes cauliginellus",2,1,0,0,1,6,0,0,0,0
"39","Chironomidae","CHIRONOMIDAE","CHIRONOMINAE-Tribus Chironomini","Glyptotendipes glaucus",2,1,0,0,1,6,0,0,0,0
"40","Chironomidae","CHIRONOMIDAE","CHIRONOMINAE-Tribus Chironomini","Glyptotendipes pallens",2,1,0,0,1,6,0,0,0,0
"41","Chironomidae","CHIRONOMIDAE","CHIRONOMINAE-Tribus Chironomini","Glyptotendipes paripes",2,0,0,0,5,3,0,0,0,0
"42","Chironomidae","CHIRONOMIDAE","CHIRONOMINAE-Tribus Chironomini","Harnischia curtilamellata",1,0,0,0,8,0,0,1,0,0
"43","Chironomidae","CHIRONOMIDAE","CHIRONOMINAE-Tribus Chironomini","Harnischia fuscimanus",1,0,0,0,8,0,0,1,0,0
"44","Chironomidae","CHIRONOMIDAE","CHIRONOMINAE-Tribus Chironomini","Kiefferulus tendipediformis",0,0,0,0,8,2,0,0,0,0
"45","Chironomidae","CHIRONOMIDAE","CHIRONOMINAE-Tribus Chironomini","Lauterborniella agrayloides",0,0,0,0,10,0,0,0,0,0
"46","Chironomidae","CHIRONOMIDAE","CHIRONOMINAE-Tribus Chironomini","Microchironomus deribae",0,0,0,0,10,0,0,0,0,0
"47","Chironomidae","CHIRONOMIDAE","CHIRONOMINAE-Tribus Chironomini","Microchironomus tener",0,0,0,0,10,0,0,0,0,0
"48","Chironomidae","CHIRONOMIDAE","CHIRONOMINAE-Tribus Chironomini","Microtendipes britteni",1,0,0,0,7,2,0,0,0,0
"49","Chironomidae","CHIRONOMIDAE","CHIRONOMINAE-Tribus Chironomini","Microtendipes chloris",1,0,0,0,7,2,0,0,0,0
"50","Chironomidae","CHIRONOMIDAE","CHIRONOMINAE-Tribus Chironomini","Microtendipes diffinis",1,0,0,0,7,2,0,0,0,0
"51","Chironomidae","CHIRONOMIDAE","CHIRONOMINAE-Tribus Chironomini","Pagastiella orophila",0,0,0,0,10,0,0,0,0,0
"52","Chironomidae","CHIRONOMIDAE","CHIRONOMINAE-Tribus Chironomini","Parachironomus frequens",3,0,0,0,2,0,0,0,5,0
"53","Chironomidae","CHIRONOMIDAE","CHIRONOMINAE-Tribus Chironomini","Parachironomus gracilior",4,0,0,0,4,0,0,2,0,0
"54","Chironomidae","CHIRONOMIDAE","CHIRONOMINAE-Tribus Chironomini","Parachironomus tenuicaudatus",1,0,0,0,1,0,0,8,0,0
"55","Chironomidae","CHIRONOMIDAE","CHIRONOMINAE-Tribus Chironomini","Parachironomus varus",0,0,0,0,0,0,0,0,10,0
"56","Chironomidae","CHIRONOMIDAE","CHIRONOMINAE-Tribus Chironomini","Parachironomus vitiosus",5,0,0,0,4,0,0,1,0,0
"57","Chironomidae","CHIRONOMIDAE","CHIRONOMINAE-Tribus Chironomini","Paracladopelma camptolabis",1,0,0,0,8,0,0,1,0,0
"58","Chironomidae","CHIRONOMIDAE","CHIRONOMINAE-Tribus Chironomini","Paracladopelma nigritulum",1,0,0,0,8,0,0,1,0,0
"59","Chironomidae","CHIRONOMIDAE","CHIRONOMINAE-Tribus Chironomini","Paratendipes albimanus",1,0,0,0,8,1,0,0,0,0
"60","Chironomidae","CHIRONOMIDAE","CHIRONOMINAE-Tribus Chironomini","Phaenopsectra flavipes",4,0,0,0,4,2,0,0,0,0
"61","Chironomidae","CHIRONOMIDAE","CHIRONOMINAE-Tribus Chironomini","Phaenopsectra punctipes",4,0,0,0,4,2,0,0,0,0
"62","Chironomidae","CHIRONOMIDAE","CHIRONOMINAE-Tribus Chironomini","Polypedilum acifer",1,0,0,0,8,1,0,0,0,0
"63","Chironomidae","CHIRONOMIDAE","CHIRONOMINAE-Tribus Chironomini","Polypedilum aegyptium",1,0,0,0,8,1,0,0,0,0
"64","Chironomidae","CHIRONOMIDAE","CHIRONOMINAE-Tribus Chironomini","Polypedilum bicrenatum",0,0,0,5,5,0,0,0,0,0
"65","Chironomidae","CHIRONOMIDAE","CHIRONOMINAE-Tribus Chironomini","Polypedilum laetum",1,0,0,0,8,1,0,0,0,0
"66","Chironomidae","CHIRONOMIDAE","CHIRONOMINAE-Tribus Chironomini","Polypedilum nubeculosum",1,0,0,0,8,1,0,0,0,0
"67","Chironomidae","CHIRONOMIDAE","CHIRONOMINAE-Tribus Chironomini","Polypedilum pedestre",1,0,0,0,8,1,0,0,0,0
"68","Chironomidae","CHIRONOMIDAE","CHIRONOMINAE-Tribus Chironomini","Polypedilum pullum",1,0,0,0,8,1,0,0,0,0
"69","Chironomidae","CHIRONOMIDAE","CHIRONOMINAE-Tribus Chironomini","Polypedilum scalaenum",1,0,0,0,8,1,0,0,0,0
"70","Chironomidae","CHIRONOMIDAE","CHIRONOMINAE-Tribus Chironomini","Polypedilum sordens",2,0,0,0,2,6,0,0,0,0
"71","Chironomidae","CHIRONOMIDAE","CHIRONOMINAE-Tribus Chironomini","Polypedilum tritum",2,0,0,0,2,6,0,0,0,0
"72","Chironomidae","CHIRONOMIDAE","CHIRONOMINAE-Tribus Chironomini","Polypedilum uncinatum",0,0,0,5,5,0,0,0,0,0
"73","Chironomidae","CHIRONOMIDAE","CHIRONOMINAE-Tribus Chironomini","Robackia demeijerei",1,0,0,0,8,0,0,1,0,0
"74","Chironomidae","CHIRONOMIDAE","CHIRONOMINAE-Tribus Chironomini","Saetheria reissi",1,0,0,0,8,0,0,1,0,0
"75","Chironomidae","CHIRONOMIDAE","CHIRONOMINAE-Tribus Chironomini","Sergentia coracina",0,0,0,0,8,2,0,0,0,0
"76","Chironomidae","CHIRONOMIDAE","CHIRONOMINAE-Tribus Chironomini","Stenochironomus gibbus",0,0,8,0,2,0,0,0,0,0
"77","Chironomidae","CHIRONOMIDAE","CHIRONOMINAE-Tribus Chironomini","Stictochironomus sticticus",0,0,0,0,8,2,0,0,0,0
"78","Chironomidae","CHIRONOMIDAE","CHIRONOMINAE-Tribus Chironomini","Synendotendipes dispar",2,1,0,0,1,6,0,0,0,0
"79","Chironomidae","CHIRONOMIDAE","CHIRONOMINAE-Tribus Chironomini","Synendotendipes impar",2,1,0,0,1,6,0,0,0,0
"80","Chironomidae","CHIRONOMIDAE","CHIRONOMINAE-Tribus Chironomini","Synendotendipes lepidus",0,0,0,3,4,0,3,0,0,0
"81","Chironomidae","CHIRONOMIDAE","CHIRONOMINAE-Tribus Chironomini","Tribelos intextus",1,0,0,0,8,1,0,0,0,0
"82","Chironomidae","CHIRONOMIDAE","CHIRONOMINAE-Tribus Chironomini","Xenochironomus xenolabis",0,0,0,0,0,0,0,0,10,0
"83","Chironomidae","CHIRONOMIDAE","CHIRONOMINAE-Tribus Chironomini","Zavreliella marmorata",0,0,0,0,10,0,0,0,0,0
"84","Chironomidae","CHIRONOMIDAE","CHIRONOMINAE-Tribus Pseudochironomini","Pseudochironomus prasinatus",1,0,0,0,8,1,0,0,0,0
"85","Chironomidae","CHIRONOMIDAE","CHIRONOMINAE-Tribus Tanytarsini","Cladotanytarsus mancus",4,0,0,0,2,4,0,0,0,0
"86","Chironomidae","CHIRONOMIDAE","CHIRONOMINAE-Tribus Tanytarsini","Cladotanytarsus vanderwulpi",2,0,0,0,6,2,0,0,0,0
"87","Chironomidae","CHIRONOMIDAE","CHIRONOMINAE-Tribus Tanytarsini","Micropsectra apposita",1,0,0,0,8,1,0,0,0,0
"88","Chironomidae","CHIRONOMIDAE","CHIRONOMINAE-Tribus Tanytarsini","Micropsectra atrofasciata",2,0,0,0,7,1,0,0,0,0
"89","Chironomidae","CHIRONOMIDAE","CHIRONOMINAE-Tribus Tanytarsini","Micropsectra bidentata",1,0,0,0,8,1,0,0,0,0
"90","Chironomidae","CHIRONOMIDAE","CHIRONOMINAE-Tribus Tanytarsini","Micropsectra contracta",0,0,0,0,9,1,0,0,0,0
"91","Chironomidae","CHIRONOMIDAE","CHIRONOMINAE-Tribus Tanytarsini","Micropsectra fusca",1,0,0,0,8,1,0,0,0,0
"92","Chironomidae","CHIRONOMIDAE","CHIRONOMINAE-Tribus Tanytarsini","Micropsectra groenlandica",0,0,0,0,9,1,0,0,0,0
"93","Chironomidae","CHIRONOMIDAE","CHIRONOMINAE-Tribus Tanytarsini","Micropsectra junci",1,0,0,0,8,1,0,0,0,0
"94","Chironomidae","CHIRONOMIDAE","CHIRONOMINAE-Tribus Tanytarsini","Micropsectra lindrothi",1,0,0,0,8,1,0,0,0,0
"95","Chironomidae","CHIRONOMIDAE","CHIRONOMINAE-Tribus Tanytarsini","Micropsectra notescens",1,0,0,0,8,1,0,0,0,0
"96","Chironomidae","CHIRONOMIDAE","CHIRONOMINAE-Tribus Tanytarsini","Micropsectra radialis",0,0,0,0,9,1,0,0,0,0
"97","Chironomidae","CHIRONOMIDAE","CHIRONOMINAE-Tribus Tanytarsini","Micropsectra recurvata",1,0,0,0,8,1,0,0,0,0
"98","Chironomidae","CHIRONOMIDAE","CHIRONOMINAE-Tribus Tanytarsini","Micropsectra roseiventris",1,0,0,0,8,1,0,0,0,0
"99","Chironomidae","CHIRONOMIDAE","CHIRONOMINAE-Tribus Tanytarsini","Paratanytarsus austriacus",4,0,0,0,3,3,0,0,0,0
"100","Chironomidae","CHIRONOMIDAE","CHIRONOMINAE-Tribus Tanytarsini","Paratanytarsus dissimilis",4,0,0,0,3,3,0,0,0,0
"101","Chironomidae","CHIRONOMIDAE","CHIRONOMINAE-Tribus Tanytarsini","Paratanytarsus lauterborni",4,0,0,0,3,3,0,0,0,0
"102","Chironomidae","CHIRONOMIDAE","CHIRONOMINAE-Tribus Tanytarsini","Rheotanytarsus curtistylus",1,0,0,0,1,0,8,0,0,0
"103","Chironomidae","CHIRONOMIDAE","CHIRONOMINAE-Tribus Tanytarsini","Rheotanytarsus nigricauda",1,0,0,0,2,0,7,0,0,0
"104","Chironomidae","CHIRONOMIDAE","CHIRONOMINAE-Tribus Tanytarsini","Rheotanytarsus photophilus",1,0,0,0,1,0,8,0,0,0
"105","Chironomidae","CHIRONOMIDAE","CHIRONOMINAE-Tribus Tanytarsini","Rheotanytarsus rhenanus",1,0,0,0,1,0,8,0,0,0
"106","Chironomidae","CHIRONOMIDAE","CHIRONOMINAE-Tribus Tanytarsini","Tanytarsus brundini",3,0,0,0,6,1,0,0,0,0
"107","Chironomidae","CHIRONOMIDAE","CHIRONOMINAE-Tribus Tanytarsini","Tanytarsus ejuncidus",3,0,0,0,6,1,0,0,0,0
"108","Chironomidae","CHIRONOMIDAE","CHIRONOMINAE-Tribus Tanytarsini","Tanytarsus eminulus",3,0,0,0,6,1,0,0,0,0
"109","Chironomidae","CHIRONOMIDAE","CHIRONOMINAE-Tribus Tanytarsini","Tanytarsus heusdensis",1,0,0,0,8,1,0,0,0,0
"110","Chironomidae","CHIRONOMIDAE","CHIRONOMINAE-Tribus Tanytarsini","Tanytarsus palettaris",1,0,0,0,8,1,0,0,0,0
"111","Chironomidae","CHIRONOMIDAE","CHIRONOMINAE-Tribus Tanytarsini","Tanytarsus pallidicornis",3,0,0,0,6,1,0,0,0,0
"112","Chironomidae","CHIRONOMIDAE","CHIRONOMINAE-Tribus Tanytarsini","Tanytarsus sinuatus",1,0,0,0,8,1,0,0,0,0
"113","Chironomidae","CHIRONOMIDAE","CHIRONOMINAE-Tribus Tanytarsini","Virgatanytarsus arduennensis",3,0,0,0,6,1,0,0,0,0
"114","Chironomidae","CHIRONOMIDAE","CHIRONOMINAE-Tribus Tanytarsini","Zavrelia pentatoma",0,0,0,0,10,0,0,0,0,0
"115","Chironomidae","CHIRONOMIDAE","DIAMESINAE-Tribus Boreoheptagyiini","Boreoheptagyia legeri",9,0,0,0,1,0,0,0,0,0
"116","Chironomidae","CHIRONOMIDAE","DIAMESINAE-Tribus Boreoheptagyiini","Boreoheptagyia rugosa",9,0,0,0,1,0,0,0,0,0
"117","Chironomidae","CHIRONOMIDAE","DIAMESINAE-Tribus Diamesini","Diamesa aberrata",7,0,0,0,2,0,0,1,0,0
"118","Chironomidae","CHIRONOMIDAE","DIAMESINAE-Tribus Diamesini","Diamesa bertrami",8,0,0,0,1,0,0,1,0,0
"119","Chironomidae","CHIRONOMIDAE","DIAMESINAE-Tribus Diamesini","Diamesa bohemani",7,0,0,0,2,0,0,1,0,0
"120","Chironomidae","CHIRONOMIDAE","DIAMESINAE-Tribus Diamesini","Diamesa cinerella",7,0,0,0,2,0,0,1,0,0
"121","Chironomidae","CHIRONOMIDAE","DIAMESINAE-Tribus Diamesini","Diamesa dampfi",7,0,0,0,2,0,0,1,0,0
"122","Chironomidae","CHIRONOMIDAE","DIAMESINAE-Tribus Diamesini","Diamesa hamaticornis",7,0,0,0,2,0,0,1,0,0
"123","Chironomidae","CHIRONOMIDAE","DIAMESINAE-Tribus Diamesini","Diamesa incallida",7,0,0,0,2,0,0,1,0,0
"124","Chironomidae","CHIRONOMIDAE","DIAMESINAE-Tribus Diamesini","Diamesa insignipes",6,0,0,0,3,0,0,1,0,0
"125","Chironomidae","CHIRONOMIDAE","DIAMESINAE-Tribus Diamesini","Diamesa laticauda",8,0,0,0,1,0,0,1,0,0
"126","Chironomidae","CHIRONOMIDAE","DIAMESINAE-Tribus Diamesini","Diamesa latitarsis",8,0,0,0,1,0,0,1,0,0
"127","Chironomidae","CHIRONOMIDAE","DIAMESINAE-Tribus Diamesini","Diamesa lindrothi",8,0,0,0,1,0,0,1,0,0
"128","Chironomidae","CHIRONOMIDAE","DIAMESINAE-Tribus Diamesini","Diamesa modesta",8,0,0,0,1,0,0,1,0,0
"129","Chironomidae","CHIRONOMIDAE","DIAMESINAE-Tribus Diamesini","Diamesa permacra",7,0,0,0,2,0,0,1,0,0
"130","Chironomidae","CHIRONOMIDAE","DIAMESINAE-Tribus Diamesini","Diamesa starmachi",7,0,0,0,2,0,0,1,0,0
"131","Chironomidae","CHIRONOMIDAE","DIAMESINAE-Tribus Diamesini","Diamesa steinboecki",8,0,0,0,1,0,0,1,0,0
"132","Chironomidae","CHIRONOMIDAE","DIAMESINAE-Tribus Diamesini","Diamesa tonsa",6,0,0,0,3,0,0,1,0,0
"133","Chironomidae","CHIRONOMIDAE","DIAMESINAE-Tribus Diamesini","Diamesa vaillanti",7,0,0,0,2,0,0,1,0,0
"134","Chironomidae","CHIRONOMIDAE","DIAMESINAE-Tribus Diamesini","Potthastia gaedii",6,0,0,0,3,0,0,1,0,0
"135","Chironomidae","CHIRONOMIDAE","DIAMESINAE-Tribus Diamesini","Potthastia longimana",4,0,0,0,5,0,0,1,0,0
"136","Chironomidae","CHIRONOMIDAE","DIAMESINAE-Tribus Diamesini","Pseudodiamesa branickii",0,0,0,0,2,0,0,8,0,0
"137","Chironomidae","CHIRONOMIDAE","DIAMESINAE-Tribus Diamesini","Pseudokiefferiella parva",8,0,0,1,1,0,0,0,0,0
"138","Chironomidae","CHIRONOMIDAE","DIAMESINAE-Tribus Diamesini","Sympotthastia macrocera",5,0,0,0,4,0,0,1,0,0
"139","Chironomidae","CHIRONOMIDAE","DIAMESINAE-Tribus Protanypini","Protanypus morio",0,0,0,0,0,0,0,10,0,0
"140","Chironomidae","CHIRONOMIDAE","ORTHOCLADIINAE","Acamptocladius submontanus",0,0,0,0,10,0,0,0,0,0
"141","Chironomidae","CHIRONOMIDAE","ORTHOCLADIINAE","Acricotopus lucens",0,0,0,0,10,0,0,0,0,0
"142","Chironomidae","CHIRONOMIDAE","ORTHOCLADIINAE","Brillia bifida",0,0,0,5,5,0,0,0,0,0
"143","Chironomidae","CHIRONOMIDAE","ORTHOCLADIINAE","Brillia flavifrons",0,0,0,5,5,0,0,0,0,0
"144","Chironomidae","CHIRONOMIDAE","ORTHOCLADIINAE","Bryophaenocladius aestivus",10,0,0,0,0,0,0,0,0,0
"145","Chironomidae","CHIRONOMIDAE","ORTHOCLADIINAE","Bryophaenocladius flexidens",10,0,0,0,0,0,0,0,0,0
"146","Chironomidae","CHIRONOMIDAE","ORTHOCLADIINAE","Bryophaenocladius ictericus",10,0,0,0,0,0,0,0,0,0
"147","Chironomidae","CHIRONOMIDAE","ORTHOCLADIINAE","Bryophaenocladius inconstans",10,0,0,0,0,0,0,0,0,0
"148","Chironomidae","CHIRONOMIDAE","ORTHOCLADIINAE","Bryophaenocladius nudisquama",10,0,0,0,0,0,0,0,0,0
"149","Chironomidae","CHIRONOMIDAE","ORTHOCLADIINAE","Bryophaenocladius subvernalis",10,0,0,0,0,0,0,0,0,0
"150","Chironomidae","CHIRONOMIDAE","ORTHOCLADIINAE","Bryophaenocladius tirolensis",10,0,0,0,0,0,0,0,0,0
"151","Chironomidae","CHIRONOMIDAE","ORTHOCLADIINAE","Bryophaenocladius vernalis",10,0,0,0,0,0,0,0,0,0
"152","Chironomidae","CHIRONOMIDAE","ORTHOCLADIINAE","Camptocladius stercorarius",0,0,0,0,0,0,0,0,0,10
"153","Chironomidae","CHIRONOMIDAE","ORTHOCLADIINAE","Cardiocladius capucinus",5,0,0,0,0,0,0,5,0,0
"154","Chironomidae","CHIRONOMIDAE","ORTHOCLADIINAE","Cardiocladius fuscus",5,0,0,0,0,0,0,5,0,0
"155","Chironomidae","CHIRONOMIDAE","ORTHOCLADIINAE","Chaetocladius dentiforceps",3,0,0,0,7,0,0,0,0,0
"156","Chironomidae","CHIRONOMIDAE","ORTHOCLADIINAE","Chaetocladius dissipatus",3,0,0,0,7,0,0,0,0,0
"157","Chironomidae","CHIRONOMIDAE","ORTHOCLADIINAE","Chaetocladius gelidus",3,0,0,0,7,0,0,0,0,0
"158","Chironomidae","CHIRONOMIDAE","ORTHOCLADIINAE","Chaetocladius insolitus",3,0,0,0,7,0,0,0,0,0
"159","Chironomidae","CHIRONOMIDAE","ORTHOCLADIINAE","Chaetocladius laminatus",3,0,0,0,7,0,0,0,0,0
"160","Chironomidae","CHIRONOMIDAE","ORTHOCLADIINAE","Chaetocladius minutissimus",3,0,0,0,7,0,0,0,0,0
"161","Chironomidae","CHIRONOMIDAE","ORTHOCLADIINAE","Chaetocladius perennis",3,0,0,0,7,0,0,0,0,0
"162","Chironomidae","CHIRONOMIDAE","ORTHOCLADIINAE","Chaetocladius piger",3,0,0,0,7,0,0,0,0,0
"163","Chironomidae","CHIRONOMIDAE","ORTHOCLADIINAE","Chaetocladius suecicus",3,0,0,0,7,0,0,0,0,0
"164","Chironomidae","CHIRONOMIDAE","ORTHOCLADIINAE","Chaetocladius vitellinus",3,0,0,0,7,0,0,0,0,0
"165","Chironomidae","CHIRONOMIDAE","ORTHOCLADIINAE","Corynoneura arctica",7,0,0,0,3,0,0,0,0,0
"166","Chironomidae","CHIRONOMIDAE","ORTHOCLADIINAE","Corynoneura carriana",7,0,0,0,3,0,0,0,0,0
"167","Chironomidae","CHIRONOMIDAE","ORTHOCLADIINAE","Corynoneura celeripes",7,0,0,0,3,0,0,0,0,0
"168","Chironomidae","CHIRONOMIDAE","ORTHOCLADIINAE","Corynoneura celtica",7,0,0,0,3,0,0,0,0,0
"169","Chironomidae","CHIRONOMIDAE","ORTHOCLADIINAE","Corynoneura coronata",7,0,0,0,3,0,0,0,0,0
"170","Chironomidae","CHIRONOMIDAE","ORTHOCLADIINAE","Corynoneura edwardsi",7,0,0,0,3,0,0,0,0,0
"171","Chironomidae","CHIRONOMIDAE","ORTHOCLADIINAE","Corynoneura fittkaui",7,0,0,0,3,0,0,0,0,0
"172","Chironomidae","CHIRONOMIDAE","ORTHOCLADIINAE","Corynoneura gratias",7,0,0,0,3,0,0,0,0,0
"173","Chironomidae","CHIRONOMIDAE","ORTHOCLADIINAE","Corynoneura lacustris",7,0,0,0,3,0,0,0,0,0
"174","Chironomidae","CHIRONOMIDAE","ORTHOCLADIINAE","Corynoneura lobata",4,0,0,0,6,0,0,0,0,0
"175","Chironomidae","CHIRONOMIDAE","ORTHOCLADIINAE","Corynoneura minuscula",7,0,0,0,3,0,0,0,0,0
"176","Chironomidae","CHIRONOMIDAE","ORTHOCLADIINAE","Corynoneura scutellata",7,0,0,0,3,0,0,0,0,0
"177","Chironomidae","CHIRONOMIDAE","ORTHOCLADIINAE","Cricotopus albiforceps",8,0,0,0,2,0,0,0,0,0
"178","Chironomidae","CHIRONOMIDAE","ORTHOCLADIINAE","Cricotopus algarum",8,0,0,0,2,0,0,0,0,0
"179","Chironomidae","CHIRONOMIDAE","ORTHOCLADIINAE","Cricotopus annulator",8,0,0,0,2,0,0,0,0,0
"180","Chironomidae","CHIRONOMIDAE","ORTHOCLADIINAE","Cricotopus bicinctus",6,0,0,1,3,0,0,0,0,0
"181","Chironomidae","CHIRONOMIDAE","ORTHOCLADIINAE","Cricotopus brevipalpis",0,10,0,0,0,0,0,0,0,0
"182","Chironomidae","CHIRONOMIDAE","ORTHOCLADIINAE","Cricotopus curtus",8,0,0,0,2,0,0,0,0,0
"183","Chironomidae","CHIRONOMIDAE","ORTHOCLADIINAE","Cricotopus cylindraceus",7,0,0,0,3,0,0,0,0,0
"184","Chironomidae","CHIRONOMIDAE","ORTHOCLADIINAE","Cricotopus dobrogicus",6,1,0,2,1,0,0,0,0,0
"185","Chironomidae","CHIRONOMIDAE","ORTHOCLADIINAE","Cricotopus festivellus",7,0,0,0,3,0,0,0,0,0
"186","Chironomidae","CHIRONOMIDAE","ORTHOCLADIINAE","Cricotopus flavocinctus",8,0,0,0,2,0,0,0,0,0
"187","Chironomidae","CHIRONOMIDAE","ORTHOCLADIINAE","Cricotopus fuscus",6,0,0,0,4,0,0,0,0,0
"188","Chironomidae","CHIRONOMIDAE","ORTHOCLADIINAE","Cricotopus intersectus",8,0,0,0,2,0,0,0,0,0
"189","Chironomidae","CHIRONOMIDAE","ORTHOCLADIINAE","Cricotopus lygropis",10,0,0,0,0,0,0,0,0,0
"190","Chironomidae","CHIRONOMIDAE","ORTHOCLADIINAE","Cricotopus ornatus",0,0,0,5,5,0,0,0,0,0
"191","Chironomidae","CHIRONOMIDAE","ORTHOCLADIINAE","Cricotopus patens",8,0,0,0,2,0,0,0,0,0
"192","Chironomidae","CHIRONOMIDAE","ORTHOCLADIINAE","Cricotopus pirifer",8,0,0,0,2,0,0,0,0,0
"193","Chironomidae","CHIRONOMIDAE","ORTHOCLADIINAE","Cricotopus reversus",8,0,0,0,2,0,0,0,0,0
"194","Chironomidae","CHIRONOMIDAE","ORTHOCLADIINAE","Cricotopus similis",8,0,0,0,2,0,0,0,0,0
"195","Chironomidae","CHIRONOMIDAE","ORTHOCLADIINAE","Cricotopus sylvestris",6,1,0,2,1,0,0,0,0,0
"196","Chironomidae","CHIRONOMIDAE","ORTHOCLADIINAE","Cricotopus tremulus",7,0,0,1,2,0,0,0,0,0
"197","Chironomidae","CHIRONOMIDAE","ORTHOCLADIINAE","Cricotopus triannulatus",7,0,0,0,3,0,0,0,0,0
"198","Chironomidae","CHIRONOMIDAE","ORTHOCLADIINAE","Cricotopus tricinctus",1,8,0,1,0,0,0,0,0,0
"199","Chironomidae","CHIRONOMIDAE","ORTHOCLADIINAE","Cricotopus trifascia",6,0,0,1,3,0,0,0,0,0
"200","Chironomidae","CHIRONOMIDAE","ORTHOCLADIINAE","Cricotopus trifasciatus",1,8,0,1,0,0,0,0,0,0
"201","Chironomidae","CHIRONOMIDAE","ORTHOCLADIINAE","Diplocladius cultriger",0,0,0,0,7,3,0,0,0,0
"202","Chironomidae","CHIRONOMIDAE","ORTHOCLADIINAE","Dratnalia potamophylaxi",0,0,0,0,0,0,0,0,0,10
"203","Chironomidae","CHIRONOMIDAE","ORTHOCLADIINAE","Epoicocladius ephemerae",0,0,0,0,0,0,0,0,10,0
"204","Chironomidae","CHIRONOMIDAE","ORTHOCLADIINAE","Eukiefferiella brehmi",8,0,0,0,2,0,0,0,0,0
"205","Chironomidae","CHIRONOMIDAE","ORTHOCLADIINAE","Eukiefferiella brevicalcar",8,0,0,0,2,0,0,0,0,0
"206","Chironomidae","CHIRONOMIDAE","ORTHOCLADIINAE","Eukiefferiella claripennis",7,0,0,0,3,0,0,0,0,0
"207","Chironomidae","CHIRONOMIDAE","ORTHOCLADIINAE","Eukiefferiella clypeata",7,0,0,0,3,0,0,0,0,0
"208","Chironomidae","CHIRONOMIDAE","ORTHOCLADIINAE","Eukiefferiella coerulescens",8,0,0,0,2,0,0,0,0,0
"209","Chironomidae","CHIRONOMIDAE","ORTHOCLADIINAE","Eukiefferiella cyanea",8,0,0,0,2,0,0,0,0,0
"210","Chironomidae","CHIRONOMIDAE","ORTHOCLADIINAE","Eukiefferiella devonica",8,0,0,0,2,0,0,0,0,0
"211","Chironomidae","CHIRONOMIDAE","ORTHOCLADIINAE","Eukiefferiella dittmari",8,0,0,0,2,0,0,0,0,0
"212","Chironomidae","CHIRONOMIDAE","ORTHOCLADIINAE","Eukiefferiella fittkaui",8,0,0,0,2,0,0,0,0,0
"213","Chironomidae","CHIRONOMIDAE","ORTHOCLADIINAE","Eukiefferiella fuldensis",8,0,0,0,2,0,0,0,0,0
"214","Chironomidae","CHIRONOMIDAE","ORTHOCLADIINAE","Eukiefferiella gracei",7,0,0,0,3,0,0,0,0,0
"215","Chironomidae","CHIRONOMIDAE","ORTHOCLADIINAE","Eukiefferiella ilkleyensis",8,0,0,0,2,0,0,0,0,0
"216","Chironomidae","CHIRONOMIDAE","ORTHOCLADIINAE","Eukiefferiella lobifera",8,0,0,0,2,0,0,0,0,0
"217","Chironomidae","CHIRONOMIDAE","ORTHOCLADIINAE","Eukiefferiella minor",8,0,0,0,2,0,0,0,0,0
"218","Chironomidae","CHIRONOMIDAE","ORTHOCLADIINAE","Eukiefferiella pseudomontana",8,0,0,0,2,0,0,0,0,0
"219","Chironomidae","CHIRONOMIDAE","ORTHOCLADIINAE","Eukiefferiella similis",8,0,0,0,2,0,0,0,0,0
"220","Chironomidae","CHIRONOMIDAE","ORTHOCLADIINAE","Eukiefferiella tirolensis",8,0,0,0,2,0,0,0,0,0
"221","Chironomidae","CHIRONOMIDAE","ORTHOCLADIINAE","Eurycnemus crassipes",0,0,0,0,0,0,0,0,10,0
"222","Chironomidae","CHIRONOMIDAE","ORTHOCLADIINAE","Euryhapsis subviridis",0,0,0,5,5,0,0,0,0,0
"223","Chironomidae","CHIRONOMIDAE","ORTHOCLADIINAE","Halocladius varians",5,0,0,0,5,0,0,0,0,0
"224","Chironomidae","CHIRONOMIDAE","ORTHOCLADIINAE","Heleniella dorieri",0,0,0,0,10,0,0,0,0,0
"225","Chironomidae","CHIRONOMIDAE","ORTHOCLADIINAE","Heleniella ornaticollis",0,0,0,0,10,0,0,0,0,0
"226","Chironomidae","CHIRONOMIDAE","ORTHOCLADIINAE","Heleniella serratosioi",0,0,0,0,10,0,0,0,0,0
"227","Chironomidae","CHIRONOMIDAE","ORTHOCLADIINAE","Heterotanytarsus apicalis",0,0,0,0,9,1,0,0,0,0
"228","Chironomidae","CHIRONOMIDAE","ORTHOCLADIINAE","Heterotrissocladius marcidus",0,0,0,0,10,0,0,0,0,0
"229","Chironomidae","CHIRONOMIDAE","ORTHOCLADIINAE","Hydrobaenus pilipes",5,0,0,0,5,0,0,0,0,0
"230","Chironomidae","CHIRONOMIDAE","ORTHOCLADIINAE","Krenosmittia boreoalpina",2,0,0,0,8,0,0,0,0,0
"231","Chironomidae","CHIRONOMIDAE","ORTHOCLADIINAE","Krenosmittia camptophleps",2,0,0,0,8,0,0,0,0,0
"232","Chironomidae","CHIRONOMIDAE","ORTHOCLADIINAE","Metriocnemus hirticollis",0,0,0,0,5,0,0,5,0,0
"233","Chironomidae","CHIRONOMIDAE","ORTHOCLADIINAE","Nanocladius balticus",0,0,0,0,10,0,0,0,0,0
"234","Chironomidae","CHIRONOMIDAE","ORTHOCLADIINAE","Nanocladius dichromus",5,0,0,0,5,0,0,0,0,0
"235","Chironomidae","CHIRONOMIDAE","ORTHOCLADIINAE","Nanocladius parvulus",3,0,0,0,7,0,0,0,0,0
"236","Chironomidae","CHIRONOMIDAE","ORTHOCLADIINAE","Nanocladius rectinervis",3,0,0,0,7,0,0,0,0,0
"237","Chironomidae","CHIRONOMIDAE","ORTHOCLADIINAE","Orthocladius ashei",7,0,0,0,3,0,0,0,0,0
"238","Chironomidae","CHIRONOMIDAE","ORTHOCLADIINAE","Orthocladius consobrinus",5,0,0,0,5,0,0,0,0,0
"239","Chironomidae","CHIRONOMIDAE","ORTHOCLADIINAE","Orthocladius frigidus",7,0,0,1,2,0,0,0,0,0
"240","Chironomidae","CHIRONOMIDAE","ORTHOCLADIINAE","Orthocladius fuscimanus",0,0,0,0,0,10,0,0,0,0
"241","Chironomidae","CHIRONOMIDAE","ORTHOCLADIINAE","Orthocladius glabripennis",4,0,0,0,6,0,0,0,0,0
"242","Chironomidae","CHIRONOMIDAE","ORTHOCLADIINAE","Orthocladius lignicola",0,0,10,0,0,0,0,0,0,0
"243","Chironomidae","CHIRONOMIDAE","ORTHOCLADIINAE","Orthocladius luteipes",8,0,0,0,2,0,0,0,0,0
"244","Chironomidae","CHIRONOMIDAE","ORTHOCLADIINAE","Orthocladius oblidens",4,0,0,0,6,0,0,0,0,0
"245","Chironomidae","CHIRONOMIDAE","ORTHOCLADIINAE","Orthocladius obumbratus",4,0,0,0,6,0,0,0,0,0
"246","Chironomidae","CHIRONOMIDAE","ORTHOCLADIINAE","Orthocladius olivaceus",0,0,0,0,0,10,0,0,0,0
"247","Chironomidae","CHIRONOMIDAE","ORTHOCLADIINAE","Orthocladius rivicola",8,0,0,0,2,0,0,0,0,0
"248","Chironomidae","CHIRONOMIDAE","ORTHOCLADIINAE","Orthocladius rivinus",4,0,0,0,6,0,0,0,0,0
"249","Chironomidae","CHIRONOMIDAE","ORTHOCLADIINAE","Orthocladius rivulorum",9,0,0,0,1,0,0,0,0,0
"250","Chironomidae","CHIRONOMIDAE","ORTHOCLADIINAE","Orthocladius rubicundus",4,0,0,0,6,0,0,0,0,0
"251","Chironomidae","CHIRONOMIDAE","ORTHOCLADIINAE","Orthocladius saxosus",7,0,0,0,3,0,0,0,0,0
"252","Chironomidae","CHIRONOMIDAE","ORTHOCLADIINAE","Orthocladius thienemanni",7,0,0,0,3,0,0,0,0,0
"253","Chironomidae","CHIRONOMIDAE","ORTHOCLADIINAE","Orthocladius wetterensis",4,0,0,0,6,0,0,0,0,0
"254","Chironomidae","CHIRONOMIDAE","ORTHOCLADIINAE","Paracladius alpicola",1,0,0,0,9,0,0,0,0,0
"255","Chironomidae","CHIRONOMIDAE","ORTHOCLADIINAE","Paracladius conversus",2,0,0,0,8,0,0,0,0,0
"256","Chironomidae","CHIRONOMIDAE","ORTHOCLADIINAE","Paracricotopus niger",8,0,0,0,2,0,0,0,0,0
"257","Chironomidae","CHIRONOMIDAE","ORTHOCLADIINAE","Parakiefferiella bathophila",2,0,0,0,8,0,0,0,0,0
"258","Chironomidae","CHIRONOMIDAE","ORTHOCLADIINAE","Parakiefferiella coronata",2,0,0,0,8,0,0,0,0,0
"259","Chironomidae","CHIRONOMIDAE","ORTHOCLADIINAE","Parakiefferiella dentifera",2,0,0,0,8,0,0,0,0,0
"260","Chironomidae","CHIRONOMIDAE","ORTHOCLADIINAE","Parakiefferiella gracillima",2,0,0,0,8,0,0,0,0,0
"261","Chironomidae","CHIRONOMIDAE","ORTHOCLADIINAE","Parakiefferiella nigra",2,0,0,0,8,0,0,0,0,0
"262","Chironomidae","CHIRONOMIDAE","ORTHOCLADIINAE","Parakiefferiella triquetra",0,0,0,0,10,0,0,0,0,0
"263","Chironomidae","CHIRONOMIDAE","ORTHOCLADIINAE","Paralimnophyes longiseta",0,0,0,0,10,0,0,0,0,0
"264","Chironomidae","CHIRONOMIDAE","ORTHOCLADIINAE","Parametriocnemus stylatus",2,0,0,0,8,0,0,0,0,0
"265","Chironomidae","CHIRONOMIDAE","ORTHOCLADIINAE","Paraphaenocladius impensus impensus",0,0,0,0,10,0,0,0,0,0
"266","Chironomidae","CHIRONOMIDAE","ORTHOCLADIINAE","Paratrichocladius nivalis",8,0,0,0,2,0,0,0,0,0
"267","Chironomidae","CHIRONOMIDAE","ORTHOCLADIINAE","Paratrichocladius rufiventris",6,0,0,0,4,0,0,0,0,0
"268","Chironomidae","CHIRONOMIDAE","ORTHOCLADIINAE","Paratrichocladius skirwithensis",7,0,0,0,3,0,0,0,0,0
"269","Chironomidae","CHIRONOMIDAE","ORTHOCLADIINAE","Paratrichocladius veronicae",7,0,0,0,3,0,0,0,0,0
"270","Chironomidae","CHIRONOMIDAE","ORTHOCLADIINAE","Paratrissocladius excerptus",0,0,0,0,10,0,0,0,0,0
"271","Chironomidae","CHIRONOMIDAE","ORTHOCLADIINAE","Parorthocladius nudipennis",8,0,0,0,1,1,0,0,0,0
"272","Chironomidae","CHIRONOMIDAE","ORTHOCLADIINAE","Psectrocladius obvius",0,0,0,5,5,0,0,0,0,0
"273","Chironomidae","CHIRONOMIDAE","ORTHOCLADIINAE","Psectrocladius platypus",0,0,0,5,5,0,0,0,0,0
"274","Chironomidae","CHIRONOMIDAE","ORTHOCLADIINAE","Psectrocladius psilopterus",0,0,0,5,5,0,0,0,0,0
"275","Chironomidae","CHIRONOMIDAE","ORTHOCLADIINAE","Pseudorthocladius curtistylus",0,0,0,0,10,0,0,0,0,0
"276","Chironomidae","CHIRONOMIDAE","ORTHOCLADIINAE","Pseudosmittia trilobata",0,0,0,0,10,0,0,0,0,0
"277","Chironomidae","CHIRONOMIDAE","ORTHOCLADIINAE","Rheocricotopus atripes",5,0,0,0,4,1,0,0,0,0
"278","Chironomidae","CHIRONOMIDAE","ORTHOCLADIINAE","Rheocricotopus chalybeatus",5,0,0,0,4,1,0,0,0,0
"279","Chironomidae","CHIRONOMIDAE","ORTHOCLADIINAE","Rheocricotopus effusus",4,0,0,0,5,1,0,0,0,0
"280","Chironomidae","CHIRONOMIDAE","ORTHOCLADIINAE","Rheocricotopus fuscipes",3,0,0,0,6,1,0,0,0,0
"281","Chironomidae","CHIRONOMIDAE","ORTHOCLADIINAE","Stilocladius montanus",4,0,0,0,6,0,0,0,0,0
"282","Chironomidae","CHIRONOMIDAE","ORTHOCLADIINAE","Symbiocladius rhithrogenae",0,0,0,0,0,0,0,0,10,0
"283","Chironomidae","CHIRONOMIDAE","ORTHOCLADIINAE","Synorthocladius semivirens",4,0,0,0,4,2,0,0,0,0
"284","Chironomidae","CHIRONOMIDAE","ORTHOCLADIINAE","Thienemanniella acuticornis",6,0,0,0,4,0,0,0,0,0
"285","Chironomidae","CHIRONOMIDAE","ORTHOCLADIINAE","Thienemanniella clavicornis",6,0,0,0,4,0,0,0,0,0
"286","Chironomidae","CHIRONOMIDAE","ORTHOCLADIINAE","Thienemanniella majuscula",6,0,0,0,4,0,0,0,0,0
"287","Chironomidae","CHIRONOMIDAE","ORTHOCLADIINAE","Thienemanniella obscura",6,0,0,0,4,0,0,0,0,0
"288","Chironomidae","CHIRONOMIDAE","ORTHOCLADIINAE","Thienemanniella partita",6,0,0,0,4,0,0,0,0,0
"289","Chironomidae","CHIRONOMIDAE","ORTHOCLADIINAE","Thienemanniella vittata",6,0,0,0,4,0,0,0,0,0
"290","Chironomidae","CHIRONOMIDAE","ORTHOCLADIINAE","Trissocladius brevipalpis",0,0,0,0,10,0,0,0,0,0
"291","Chironomidae","CHIRONOMIDAE","ORTHOCLADIINAE","Tvetenia bavarica",8,0,0,0,2,0,0,0,0,0
"292","Chironomidae","CHIRONOMIDAE","ORTHOCLADIINAE","Tvetenia calvescens",7,0,0,0,3,0,0,0,0,0
"293","Chironomidae","CHIRONOMIDAE","ORTHOCLADIINAE","Tvetenia discoloripes",7,0,0,0,3,0,0,0,0,0
"294","Chironomidae","CHIRONOMIDAE","ORTHOCLADIINAE","Tvetenia verralli",7,0,0,0,3,0,0,0,0,0
"295","Chironomidae","CHIRONOMIDAE","PODONOMINAE-Tribus Boreochlini","Paraboreochlus minutissimus",3,0,0,0,7,0,0,0,0,0
"296","Chironomidae","CHIRONOMIDAE","PODONOMINAE-Tribus Boreochlini","Trichotanypus mariae",3,0,0,3,4,0,0,0,0,0
"297","Chironomidae","CHIRONOMIDAE","PODONOMINAE-Tribus Podonomini","Parochlus kiefferi",3,0,0,0,7,0,0,0,0,0
"298","Chironomidae","CHIRONOMIDAE","PRODIAMESINAE","Monodiamesa alpicola",0,0,0,0,3,0,0,7,0,0
"299","Chironomidae","CHIRONOMIDAE","PRODIAMESINAE","Monodiamesa bathyphila",0,0,0,0,3,0,0,7,0,0
"300","Chironomidae","CHIRONOMIDAE","PRODIAMESINAE","Monodiamesa nitida",0,0,0,0,3,0,0,7,0,0
"301","Chironomidae","CHIRONOMIDAE","PRODIAMESINAE","Odontomesa fulva",0,0,0,0,4,6,0,0,0,0
"302","Chironomidae","CHIRONOMIDAE","PRODIAMESINAE","Prodiamesa delphinensis",0,0,0,0,8,2,0,0,0,0
"303","Chironomidae","CHIRONOMIDAE","PRODIAMESINAE","Prodiamesa olivacea",0,0,0,0,7,3,0,0,0,0
"304","Chironomidae","CHIRONOMIDAE","PRODIAMESINAE","Prodiamesa rufovittata",0,0,0,0,9,1,0,0,0,0
"305","Chironomidae","CHIRONOMIDAE","TANYPODINAE-Tribus Anatopyniini","Anatopynia plumipes",0,0,0,0,1,0,0,9,0,0
"306","Chironomidae","CHIRONOMIDAE","TANYPODINAE-Tribus Coelotanypodini","Clinotanypus nervosus",0,0,0,0,1,0,0,9,0,0
"307","Chironomidae","CHIRONOMIDAE","TANYPODINAE-Tribus Macropelopiini","Apsectrotanypus trifascipennis",0,0,0,0,1,0,0,9,0,0
"308","Chironomidae","CHIRONOMIDAE","TANYPODINAE-Tribus Macropelopiini","Macropelopia adaucta",0,0,0,0,2,0,0,8,0,0
"309","Chironomidae","CHIRONOMIDAE","TANYPODINAE-Tribus Macropelopiini","Macropelopia fehlmanni",0,0,0,0,2,0,0,8,0,0
"310","Chironomidae","CHIRONOMIDAE","TANYPODINAE-Tribus Macropelopiini","Macropelopia nebulosa",0,0,0,0,2,0,0,8,0,0
"311","Chironomidae","CHIRONOMIDAE","TANYPODINAE-Tribus Macropelopiini","Macropelopia notata",0,0,0,0,2,0,0,8,0,0
"312","Chironomidae","CHIRONOMIDAE","TANYPODINAE-Tribus Macropelopiini","Psectrotanypus varius",0,0,0,0,1,0,0,9,0,0
"313","Chironomidae","CHIRONOMIDAE","TANYPODINAE-Tribus Natarsiini","Natarsia nugax",0,0,0,0,0,0,0,10,0,0
"314","Chironomidae","CHIRONOMIDAE","TANYPODINAE-Tribus Natarsiini","Natarsia punctata",0,0,0,0,0,0,0,10,0,0
"315","Chironomidae","CHIRONOMIDAE","TANYPODINAE-Tribus Pentaneurini","Ablabesmyia longistyla",0,0,0,0,2,0,0,8,0,0
"316","Chironomidae","CHIRONOMIDAE","TANYPODINAE-Tribus Pentaneurini","Ablabesmyia monilis",0,0,0,0,2,0,0,8,0,0
"317","Chironomidae","CHIRONOMIDAE","TANYPODINAE-Tribus Pentaneurini","Ablabesmyia phatta",0,0,0,0,2,0,0,8,0,0
"318","Chironomidae","CHIRONOMIDAE","TANYPODINAE-Tribus Pentaneurini","Arctopelopia barbitarsis",0,0,0,0,0,0,0,10,0,0
"319","Chironomidae","CHIRONOMIDAE","TANYPODINAE-Tribus Pentaneurini","Arctopelopia griseipennis",0,0,0,0,0,0,0,10,0,0
"320","Chironomidae","CHIRONOMIDAE","TANYPODINAE-Tribus Pentaneurini","Arctopelopia melanosoma",0,0,0,0,0,0,0,10,0,0
"321","Chironomidae","CHIRONOMIDAE","TANYPODINAE-Tribus Pentaneurini","Conchapelopia melanops",0,0,0,0,0,0,0,10,0,0
"322","Chironomidae","CHIRONOMIDAE","TANYPODINAE-Tribus Pentaneurini","Conchapelopia pallidula",0,0,0,0,0,0,0,10,0,0
"323","Chironomidae","CHIRONOMIDAE","TANYPODINAE-Tribus Pentaneurini","Guttipelopia guttipennis",0,0,0,0,0,0,0,10,0,0
"324","Chironomidae","CHIRONOMIDAE","TANYPODINAE-Tribus Pentaneurini","Krenopelopia binotata",0,0,0,0,0,0,0,10,0,0
"325","Chironomidae","CHIRONOMIDAE","TANYPODINAE-Tribus Pentaneurini","Krenopelopia nigropunctata",0,0,0,0,0,0,0,10,0,0
"326","Chironomidae","CHIRONOMIDAE","TANYPODINAE-Tribus Pentaneurini","Larsia atrocincta",0,0,0,0,0,0,0,10,0,0
"327","Chironomidae","CHIRONOMIDAE","TANYPODINAE-Tribus Pentaneurini","Larsia curticalcar",0,0,0,0,0,0,0,10,0,0
"328","Chironomidae","CHIRONOMIDAE","TANYPODINAE-Tribus Pentaneurini","Monopelopia tenuicalcar",0,0,0,0,0,0,0,10,0,0
"329","Chironomidae","CHIRONOMIDAE","TANYPODINAE-Tribus Pentaneurini","Nilotanypus dubius",0,0,0,0,0,0,0,10,0,0
"330","Chironomidae","CHIRONOMIDAE","TANYPODINAE-Tribus Pentaneurini","Paramerina cingulata",0,0,0,0,0,0,0,10,0,0
"331","Chironomidae","CHIRONOMIDAE","TANYPODINAE-Tribus Pentaneurini","Paramerina divisa",0,0,0,0,0,0,0,10,0,0
"332","Chironomidae","CHIRONOMIDAE","TANYPODINAE-Tribus Pentaneurini","Rheopelopia maculipennis",0,0,0,0,0,0,0,10,0,0
"333","Chironomidae","CHIRONOMIDAE","TANYPODINAE-Tribus Pentaneurini","Rheopelopia ornata",0,0,0,0,0,0,0,10,0,0
"334","Chironomidae","CHIRONOMIDAE","TANYPODINAE-Tribus Pentaneurini","Telmatopelopia nemorum",0,0,0,0,0,0,0,10,0,0
"335","Chironomidae","CHIRONOMIDAE","TANYPODINAE-Tribus Pentaneurini","Thienemannimyia carnea",0,0,0,0,0,0,0,10,0,0
"336","Chironomidae","CHIRONOMIDAE","TANYPODINAE-Tribus Pentaneurini","Thienemannimyia geijskesi",0,0,0,0,0,0,0,10,0,0
"337","Chironomidae","CHIRONOMIDAE","TANYPODINAE-Tribus Pentaneurini","Thienemannimyia laeta",0,0,0,0,0,0,0,10,0,0
"338","Chironomidae","CHIRONOMIDAE","TANYPODINAE-Tribus Pentaneurini","Thienemannimyia pseudocarnea",0,0,0,0,0,0,0,10,0,0
"339","Chironomidae","CHIRONOMIDAE","TANYPODINAE-Tribus Pentaneurini","Trissopelopia longimana",0,0,0,0,0,0,0,10,0,0
"340","Chironomidae","CHIRONOMIDAE","TANYPODINAE-Tribus Pentaneurini","Xenopelopia falcigera",0,0,0,0,0,0,0,10,0,0
"341","Chironomidae","CHIRONOMIDAE","TANYPODINAE-Tribus Pentaneurini","Xenopelopia nigricans",0,0,0,0,0,0,0,10,0,0
"342","Chironomidae","CHIRONOMIDAE","TANYPODINAE-Tribus Pentaneurini","Zavrelimyia barbatipes",0,0,0,0,0,0,0,10,0,0
"343","Chironomidae","CHIRONOMIDAE","TANYPODINAE-Tribus Pentaneurini","Zavrelimyia hirtimana",0,0,0,0,0,0,0,10,0,0
"344","Chironomidae","CHIRONOMIDAE","TANYPODINAE-Tribus Pentaneurini","Zavrelimyia melanura",0,0,0,0,0,0,0,10,0,0
"345","Chironomidae","CHIRONOMIDAE","TANYPODINAE-Tribus Pentaneurini","Zavrelimyia nubila",0,0,0,0,0,0,0,10,0,0
"346","Chironomidae","CHIRONOMIDAE","TANYPODINAE-Tribus Pentaneurini","Zavrelimyia punctatissima",0,0,0,0,0,0,0,10,0,0
"347","Chironomidae","CHIRONOMIDAE","TANYPODINAE-Tribus Pentaneurini","Zavrelimyia signatipennis",0,0,0,0,0,0,0,10,0,0
"348","Chironomidae","CHIRONOMIDAE","TANYPODINAE-Tribus Procladiini","Procladius choreus",0,0,0,0,4,0,0,6,0,0
"349","Chironomidae","CHIRONOMIDAE","TANYPODINAE-Tribus Procladiini","Procladius crassinervis",0,0,0,0,4,0,0,6,0,0
"350","Chironomidae","CHIRONOMIDAE","TANYPODINAE-Tribus Procladiini","Procladius culiciformis",0,0,0,0,4,0,0,6,0,0
"351","Chironomidae","CHIRONOMIDAE","TANYPODINAE-Tribus Procladiini","Procladius lugens",0,0,0,0,4,0,0,6,0,0
"352","Chironomidae","CHIRONOMIDAE","TANYPODINAE-Tribus Procladiini","Procladius pectinatus",0,0,0,0,4,0,0,6,0,0
"353","Chironomidae","CHIRONOMIDAE","TANYPODINAE-Tribus Procladiini","Procladius rufovittatus",0,0,0,0,4,0,0,6,0,0
"354","Chironomidae","CHIRONOMIDAE","TANYPODINAE-Tribus Procladiini","Procladius signatus",0,0,0,0,4,0,0,6,0,0
"355","Chironomidae","CHIRONOMIDAE","TANYPODINAE-Tribus Tanypodini","Tanypus kraatzi",0,0,0,0,3,0,0,7,0,0
"356","Chironomidae","CHIRONOMIDAE","TANYPODINAE-Tribus Tanypodini","Tanypus punctipennis",0,0,0,0,3,0,0,7,0,0
"357","Chironomidae","CHIRONOMIDAE","TANYPODINAE-Tribus Tanypodini","Tanypus vilipennis",0,0,0,0,3,0,0,7,0,0
"358","Coleoptera","CHRYSOMELIDAE","DONACIINAE","Donacia crassipes Ad.",0,0,0,10,0,0,0,0,0,0
"359","Coleoptera","CURCULIONIDAE","BAGOINAE","Bagous alismatis Ad.",0,0,0,10,0,0,0,0,0,0
"360","Coleoptera","CURCULIONIDAE","BAGOINAE","Bagous argillaceus Ad.",0,0,0,10,0,0,0,0,0,0
"361","Coleoptera","CURCULIONIDAE","BAGOINAE","Bagous argillaceus Lv.",0,0,0,10,0,0,0,0,0,0
"362","Coleoptera","CURCULIONIDAE","BAGOINAE","Bagous bagdatensis Ad.",0,0,0,10,0,0,0,0,0,0
"363","Coleoptera","CURCULIONIDAE","BAGOINAE","Bagous bagdatensis Lv.",0,0,0,10,0,0,0,0,0,0
"364","Coleoptera","CURCULIONIDAE","BAGOINAE","Bagous binodulus Ad.",0,0,0,10,0,0,0,0,0,0
"365","Coleoptera","CURCULIONIDAE","BAGOINAE","Bagous binodulus Lv.",0,0,0,10,0,0,0,0,0,0
"366","Coleoptera","CURCULIONIDAE","BAGOINAE","Bagous collignensis Ad.",0,0,0,10,0,0,0,0,0,0
"367","Coleoptera","CURCULIONIDAE","BAGOINAE","Bagous collignensis Lv.",0,0,0,10,0,0,0,0,0,0
"368","Coleoptera","CURCULIONIDAE","BAGOINAE","Bagous frit Ad.",0,0,0,10,0,0,0,0,0,0
"369","Coleoptera","CURCULIONIDAE","BAGOINAE","Bagous frit Lv.",0,0,0,10,0,0,0,0,0,0
"370","Coleoptera","CURCULIONIDAE","BAGOINAE","Bagous frivaldszkyi Ad.",0,0,0,10,0,0,0,0,0,0
"371","Coleoptera","CURCULIONIDAE","BAGOINAE","Bagous frivaldszkyi Lv.",0,0,0,10,0,0,0,0,0,0
"372","Coleoptera","CURCULIONIDAE","BAGOINAE","Bagous geniculatus Ad.",0,0,0,10,0,0,0,0,0,0
"373","Coleoptera","CURCULIONIDAE","BAGOINAE","Bagous geniculatus Lv.",0,0,0,10,0,0,0,0,0,0
"374","Coleoptera","CURCULIONIDAE","BAGOINAE","Bagous glabrirostris Ad.",0,0,0,10,0,0,0,0,0,0
"375","Coleoptera","CURCULIONIDAE","BAGOINAE","Bagous glabrirostris Lv.",0,0,0,10,0,0,0,0,0,0
"376","Coleoptera","CURCULIONIDAE","BAGOINAE","Bagous limosus Ad.",0,0,0,10,0,0,0,0,0,0
"377","Coleoptera","CURCULIONIDAE","BAGOINAE","Bagous limosus Lv.",0,0,0,10,0,0,0,0,0,0
"378","Coleoptera","CURCULIONIDAE","BAGOINAE","Bagous longitarsis Ad.",0,0,0,10,0,0,0,0,0,0
"379","Coleoptera","CURCULIONIDAE","BAGOINAE","Bagous longitarsis Lv.",0,0,0,10,0,0,0,0,0,0
"380","Coleoptera","CURCULIONIDAE","BAGOINAE","Bagous lutosus Ad.",0,0,0,10,0,0,0,0,0,0
"381","Coleoptera","CURCULIONIDAE","BAGOINAE","Bagous lutosus Lv.",0,0,0,10,0,0,0,0,0,0
"382","Coleoptera","CURCULIONIDAE","BAGOINAE","Bagous lutulentus Ad.",0,0,0,10,0,0,0,0,0,0
"383","Coleoptera","CURCULIONIDAE","BAGOINAE","Bagous lutulentus Lv.",0,0,0,10,0,0,0,0,0,0
"384","Coleoptera","CURCULIONIDAE","BAGOINAE","Bagous lutulosus Ad.",0,0,0,10,0,0,0,0,0,0
"385","Coleoptera","CURCULIONIDAE","BAGOINAE","Bagous lutulosus Lv.",0,0,0,10,0,0,0,0,0,0
"386","Coleoptera","CURCULIONIDAE","BAGOINAE","Bagous nodulosus Ad.",0,0,0,10,0,0,0,0,0,0
"387","Coleoptera","CURCULIONIDAE","BAGOINAE","Bagous nodulosus Lv.",0,0,0,10,0,0,0,0,0,0
"388","Coleoptera","CURCULIONIDAE","BAGOINAE","Bagous petro Ad.",0,0,0,10,0,0,0,0,0,0
"389","Coleoptera","CURCULIONIDAE","BAGOINAE","Bagous petro Lv.",0,0,0,10,0,0,0,0,0,0
"390","Coleoptera","CURCULIONIDAE","BAGOINAE","Bagous puncticollis Ad.",0,0,0,10,0,0,0,0,0,0
"391","Coleoptera","CURCULIONIDAE","BAGOINAE","Bagous puncticollis Lv.",0,0,0,10,0,0,0,0,0,0
"392","Coleoptera","CURCULIONIDAE","BAGOINAE","Bagous robustus Ad.",0,0,0,10,0,0,0,0,0,0
"393","Coleoptera","CURCULIONIDAE","BAGOINAE","Bagous robustus Lv.",0,0,0,10,0,0,0,0,0,0
"394","Coleoptera","CURCULIONIDAE","BAGOINAE","Bagous rotundicollis Ad.",0,0,0,10,0,0,0,0,0,0
"395","Coleoptera","CURCULIONIDAE","BAGOINAE","Bagous rotundicollis Lv.",0,0,0,10,0,0,0,0,0,0
"396","Coleoptera","CURCULIONIDAE","BAGOINAE","Bagous subcarinatus Ad.",0,0,0,10,0,0,0,0,0,0
"397","Coleoptera","CURCULIONIDAE","BAGOINAE","Bagous subcarinatus Lv.",0,0,0,10,0,0,0,0,0,0
"398","Coleoptera","CURCULIONIDAE","BAGOINAE","Bagous tempestivus Ad.",0,0,0,10,0,0,0,0,0,0
"399","Coleoptera","CURCULIONIDAE","BAGOINAE","Bagous tempestivus Lv.",0,0,0,10,0,0,0,0,0,0
"400","Coleoptera","CURCULIONIDAE","BAGOINAE","Bagous tubulus Ad.",0,0,0,10,0,0,0,0,0,0
"401","Coleoptera","CURCULIONIDAE","BAGOINAE","Bagous tubulus Lv.",0,0,0,10,0,0,0,0,0,0
"402","Coleoptera","CURCULIONIDAE","BAGOINAE","Bagous validus Ad.",0,0,0,10,0,0,0,0,0,0
"403","Coleoptera","CURCULIONIDAE","BAGOINAE","Bagous validus Lv.",0,0,0,10,0,0,0,0,0,0
"404","Coleoptera","CURCULIONIDAE","CEUTORHYNCHINAE","Eubrychius velutus Ad.",0,0,0,10,0,0,0,0,0,0
"405","Coleoptera","CURCULIONIDAE","CEUTORHYNCHINAE","Eubrychius velutus Lv.",0,0,0,10,0,0,0,0,0,0
"406","Coleoptera","CURCULIONIDAE","CEUTORHYNCHINAE","Pelenomus canaliculatus Ad.",0,0,0,10,0,0,0,0,0,0
"407","Coleoptera","CURCULIONIDAE","CEUTORHYNCHINAE","Phytobius leucogaster Ad.",0,0,0,10,0,0,0,0,0,0
"408","Coleoptera","CURCULIONIDAE","TANYSPHYRINAE","Tanysphyrus ater Ad.",0,0,0,10,0,0,0,0,0,0
"409","Coleoptera","CURCULIONIDAE","TANYSPHYRINAE","Tanysphyrus ater Lv.",0,0,0,10,0,0,0,0,0,0
"410","Coleoptera","CURCULIONIDAE","TANYSPHYRINAE","Tanysphyrus lemnae Ad.",0,0,0,10,0,0,0,0,0,0
"411","Coleoptera","CURCULIONIDAE","TANYSPHYRINAE","Tanysphyrus lemnae Lv.",0,0,0,10,0,0,0,0,0,0
"412","Coleoptera","DRYOPIDAE","[Fam:DRYOPIDAE]","Dryops anglicanus Ad.",5,0,0,0,5,0,0,0,0,0
"413","Coleoptera","DRYOPIDAE","[Fam:DRYOPIDAE]","Dryops auriculatus Ad.",0,0,0,5,5,0,0,0,0,0
"414","Coleoptera","DRYOPIDAE","[Fam:DRYOPIDAE]","Dryops auriculatus Lv.",0,0,0,10,0,0,0,0,0,0
"415","Coleoptera","DRYOPIDAE","[Fam:DRYOPIDAE]","Dryops ernesti Ad.",5,0,0,0,5,0,0,0,0,0
"416","Coleoptera","DRYOPIDAE","[Fam:DRYOPIDAE]","Dryops griseus Ad.",5,0,0,0,5,0,0,0,0,0
"417","Coleoptera","DRYOPIDAE","[Fam:DRYOPIDAE]","Dryops luridus Ad.",8,0,0,0,2,0,0,0,0,0
"418","Coleoptera","DRYOPIDAE","[Fam:DRYOPIDAE]","Dryops nitidulus Ad.",5,0,0,0,5,0,0,0,0,0
"419","Coleoptera","DRYOPIDAE","[Fam:DRYOPIDAE]","Dryops similaris Ad.",5,0,0,0,5,0,0,0,0,0
"420","Coleoptera","DRYOPIDAE","[Fam:DRYOPIDAE]","Pomatinus substriatus Ad.",10,0,0,0,0,0,0,0,0,0
"421","Coleoptera","DYTISCIDAE","COLYMBETINAE","Agabus adpressus Ad.",0,0,0,0,0,0,0,9,0,1
"422","Coleoptera","DYTISCIDAE","COLYMBETINAE","Agabus adpressus Lv.",0,0,0,0,0,0,0,9,0,1
"423","Coleoptera","DYTISCIDAE","COLYMBETINAE","Agabus affinis Ad.",0,0,0,0,0,0,0,10,0,0
"424","Coleoptera","DYTISCIDAE","COLYMBETINAE","Agabus affinis Lv.",0,0,0,0,0,0,0,10,0,0
"425","Coleoptera","DYTISCIDAE","COLYMBETINAE","Agabus arcticus Ad.",0,0,0,0,0,0,0,9,0,1
"426","Coleoptera","DYTISCIDAE","COLYMBETINAE","Agabus arcticus Lv.",0,0,0,0,0,0,0,9,0,1
"427","Coleoptera","DYTISCIDAE","COLYMBETINAE","Agabus biguttatus Ad.",0,0,0,0,0,0,0,10,0,0
"428","Coleoptera","DYTISCIDAE","COLYMBETINAE","Agabus biguttatus Lv.",0,0,0,0,0,0,0,10,0,0
"429","Coleoptera","DYTISCIDAE","COLYMBETINAE","Agabus biguttulus Ad.",0,0,0,0,0,0,0,9,0,1
"430","Coleoptera","DYTISCIDAE","COLYMBETINAE","Agabus biguttulus Lv.",0,0,0,0,0,0,0,9,0,1
"431","Coleoptera","DYTISCIDAE","COLYMBETINAE","Agabus bipustulatus Ad.",0,0,0,0,0,0,0,10,0,0
"432","Coleoptera","DYTISCIDAE","COLYMBETINAE","Agabus bipustulatus Lv.",0,0,0,0,0,0,0,10,0,0
"433","Coleoptera","DYTISCIDAE","COLYMBETINAE","Agabus confinis Ad.",0,0,0,0,0,0,0,9,0,1
"434","Coleoptera","DYTISCIDAE","COLYMBETINAE","Agabus confinis Lv.",0,0,0,0,0,0,0,9,0,1
"435","Coleoptera","DYTISCIDAE","COLYMBETINAE","Agabus congener Ad.",0,0,0,0,0,0,0,10,0,0
"436","Coleoptera","DYTISCIDAE","COLYMBETINAE","Agabus congener Lv.",0,0,0,0,0,0,0,10,0,0
"437","Coleoptera","DYTISCIDAE","COLYMBETINAE","Agabus conspersus Ad.",0,0,0,0,0,0,0,10,0,0
"438","Coleoptera","DYTISCIDAE","COLYMBETINAE","Agabus didymus Ad.",0,0,0,0,0,0,0,10,0,0
"439","Coleoptera","DYTISCIDAE","COLYMBETINAE","Agabus didymus Lv.",0,0,0,0,0,0,0,10,0,0
"440","Coleoptera","DYTISCIDAE","COLYMBETINAE","Agabus elongatus Ad.",0,0,0,0,0,0,0,9,0,1
"441","Coleoptera","DYTISCIDAE","COLYMBETINAE","Agabus elongatus Lv.",0,0,0,0,0,0,0,9,0,1
"442","Coleoptera","DYTISCIDAE","COLYMBETINAE","Agabus fuscipennis Ad.",0,0,0,0,0,0,0,10,0,0
"443","Coleoptera","DYTISCIDAE","COLYMBETINAE","Agabus fuscipennis Lv.",0,0,0,0,0,0,0,10,0,0
"444","Coleoptera","DYTISCIDAE","COLYMBETINAE","Agabus guttatus Ad.",0,0,0,0,0,0,0,10,0,0
"445","Coleoptera","DYTISCIDAE","COLYMBETINAE","Agabus guttatus Lv.",0,0,0,0,0,0,0,10,0,0
"446","Coleoptera","DYTISCIDAE","COLYMBETINAE","Agabus labiatus Ad.",0,0,0,0,0,0,0,10,0,0
"447","Coleoptera","DYTISCIDAE","COLYMBETINAE","Agabus labiatus Lv.",0,0,0,0,0,0,0,10,0,0
"448","Coleoptera","DYTISCIDAE","COLYMBETINAE","Agabus lapponicus Ad.",0,0,0,0,0,0,0,9,0,1
"449","Coleoptera","DYTISCIDAE","COLYMBETINAE","Agabus lapponicus Lv.",0,0,0,0,0,0,0,9,0,1
"450","Coleoptera","DYTISCIDAE","COLYMBETINAE","Agabus levanderi Ad.",0,0,0,0,0,0,0,9,0,1
"451","Coleoptera","DYTISCIDAE","COLYMBETINAE","Agabus levanderi Lv.",0,0,0,0,0,0,0,9,0,1
"452","Coleoptera","DYTISCIDAE","COLYMBETINAE","Agabus melanarius Ad.",0,0,0,0,0,0,0,10,0,0
"453","Coleoptera","DYTISCIDAE","COLYMBETINAE","Agabus melanarius Lv.",0,0,0,0,0,0,0,10,0,0
"454","Coleoptera","DYTISCIDAE","COLYMBETINAE","Agabus nebulosus Ad.",0,0,0,0,0,0,0,10,0,0
"455","Coleoptera","DYTISCIDAE","COLYMBETINAE","Agabus nebulosus Lv.",0,0,0,0,0,0,0,10,0,0
"456","Coleoptera","DYTISCIDAE","COLYMBETINAE","Agabus nitidus Ad.",0,0,0,0,0,0,0,8,0,2
"457","Coleoptera","DYTISCIDAE","COLYMBETINAE","Agabus nitidus Lv.",0,0,0,0,0,0,0,8,0,2
"458","Coleoptera","DYTISCIDAE","COLYMBETINAE","Agabus paludosus Ad.",0,0,0,0,0,0,0,10,0,0
"459","Coleoptera","DYTISCIDAE","COLYMBETINAE","Agabus paludosus Lv.",0,0,0,0,0,0,0,10,0,0
"460","Coleoptera","DYTISCIDAE","COLYMBETINAE","Agabus paykulli Ad.",0,0,0,0,0,0,0,9,0,1
"461","Coleoptera","DYTISCIDAE","COLYMBETINAE","Agabus paykulli Lv.",0,0,0,0,0,0,0,9,0,1
"462","Coleoptera","DYTISCIDAE","COLYMBETINAE","Agabus serricornis Ad.",0,0,0,0,0,0,0,9,0,1
"463","Coleoptera","DYTISCIDAE","COLYMBETINAE","Agabus serricornis Lv.",0,0,0,0,0,0,0,9,0,1
"464","Coleoptera","DYTISCIDAE","COLYMBETINAE","Agabus setulosus Ad.",0,0,0,0,0,0,0,9,0,1
"465","Coleoptera","DYTISCIDAE","COLYMBETINAE","Agabus setulosus Lv.",0,0,0,0,0,0,0,10,0,0
"466","Coleoptera","DYTISCIDAE","COLYMBETINAE","Agabus striolatus Ad.",0,0,0,0,0,0,0,10,0,0
"467","Coleoptera","DYTISCIDAE","COLYMBETINAE","Agabus striolatus Lv.",0,0,0,0,0,0,0,10,0,0
"468","Coleoptera","DYTISCIDAE","COLYMBETINAE","Agabus sturmii Ad.",0,0,0,0,0,0,0,10,0,0
"469","Coleoptera","DYTISCIDAE","COLYMBETINAE","Agabus sturmii Lv.",0,0,0,0,0,0,0,10,0,0
"470","Coleoptera","DYTISCIDAE","COLYMBETINAE","Agabus thomsoni Ad.",0,0,0,0,0,0,0,9,0,1
"471","Coleoptera","DYTISCIDAE","COLYMBETINAE","Agabus thomsoni Lv.",0,0,0,0,0,0,0,9,0,1
"472","Coleoptera","DYTISCIDAE","COLYMBETINAE","Agabus uliginosus Ad.",0,0,0,0,0,0,0,10,0,0
"473","Coleoptera","DYTISCIDAE","COLYMBETINAE","Agabus uliginosus Lv.",0,0,0,0,0,0,0,10,0,0
"474","Coleoptera","DYTISCIDAE","COLYMBETINAE","Agabus undulatus Ad.",0,0,0,0,0,0,0,10,0,0
"475","Coleoptera","DYTISCIDAE","COLYMBETINAE","Agabus undulatus Lv.",0,0,0,0,0,0,0,10,0,0
"476","Coleoptera","DYTISCIDAE","COLYMBETINAE","Agabus unguicularis Ad.",0,0,0,0,0,0,0,10,0,0
"477","Coleoptera","DYTISCIDAE","COLYMBETINAE","Agabus unguicularis Lv.",0,0,0,0,0,0,0,10,0,0
"478","Coleoptera","DYTISCIDAE","COLYMBETINAE","Agabus zetterstedti Ad.",0,0,0,0,0,0,0,9,0,1
"479","Coleoptera","DYTISCIDAE","COLYMBETINAE","Agabus zetterstedti Lv.",0,0,0,0,0,0,0,9,0,1
"480","Coleoptera","DYTISCIDAE","COLYMBETINAE","Colymbetes dolobratus Ad.",0,0,0,0,0,0,0,10,0,0
"481","Coleoptera","DYTISCIDAE","COLYMBETINAE","Colymbetes dolobratus Lv.",0,0,0,0,0,0,0,10,0,0
"482","Coleoptera","DYTISCIDAE","COLYMBETINAE","Colymbetes fuscus Ad.",0,0,0,0,0,0,0,10,0,0
"483","Coleoptera","DYTISCIDAE","COLYMBETINAE","Colymbetes fuscus Lv.",0,0,0,0,0,0,0,10,0,0
"484","Coleoptera","DYTISCIDAE","COLYMBETINAE","Colymbetes paykulli Ad.",0,0,0,0,0,0,0,8,0,2
"485","Coleoptera","DYTISCIDAE","COLYMBETINAE","Colymbetes paykulli Lv.",0,0,0,0,0,0,0,8,0,2
"486","Coleoptera","DYTISCIDAE","COLYMBETINAE","Colymbetes striatus Ad.",0,0,0,0,0,0,0,10,0,0
"487","Coleoptera","DYTISCIDAE","COLYMBETINAE","Colymbetes striatus Lv.",0,0,0,0,0,0,0,10,0,0
"488","Coleoptera","DYTISCIDAE","COLYMBETINAE","Ilybius aenescens Ad.",0,0,0,0,0,0,0,10,0,0
"489","Coleoptera","DYTISCIDAE","COLYMBETINAE","Ilybius aenescens Lv.",0,0,0,0,0,0,0,10,0,0
"490","Coleoptera","DYTISCIDAE","COLYMBETINAE","Ilybius angustior Ad.",0,0,0,0,0,0,0,8,0,2
"491","Coleoptera","DYTISCIDAE","COLYMBETINAE","Ilybius angustior Lv.",0,0,0,0,0,0,0,8,0,2
"492","Coleoptera","DYTISCIDAE","COLYMBETINAE","Ilybius ater Ad.",0,0,0,0,0,0,0,10,0,0
"493","Coleoptera","DYTISCIDAE","COLYMBETINAE","Ilybius ater Lv.",0,0,0,0,0,0,0,10,0,0
"494","Coleoptera","DYTISCIDAE","COLYMBETINAE","Ilybius chalconatus Ad.",0,0,0,0,0,0,0,10,0,0
"495","Coleoptera","DYTISCIDAE","COLYMBETINAE","Ilybius chalconatus Lv.",0,0,0,0,0,0,0,10,0,0
"496","Coleoptera","DYTISCIDAE","COLYMBETINAE","Ilybius crassus Ad.",0,0,0,0,0,0,0,10,0,0
"497","Coleoptera","DYTISCIDAE","COLYMBETINAE","Ilybius crassus Lv.",0,0,0,0,0,0,0,10,0,0
"498","Coleoptera","DYTISCIDAE","COLYMBETINAE","Ilybius fenestratus Ad.",0,0,0,0,0,0,0,10,0,0
"499","Coleoptera","DYTISCIDAE","COLYMBETINAE","Ilybius fenestratus Lv.",0,0,0,0,0,0,0,10,0,0
"500","Coleoptera","DYTISCIDAE","COLYMBETINAE","Ilybius fuliginosus Ad.",0,0,0,0,0,0,0,10,0,0
"501","Coleoptera","DYTISCIDAE","COLYMBETINAE","Ilybius fuliginosus Lv.",0,0,0,0,0,0,0,10,0,0
"502","Coleoptera","DYTISCIDAE","COLYMBETINAE","Ilybius guttiger Ad.",0,0,0,0,0,0,0,10,0,0
"503","Coleoptera","DYTISCIDAE","COLYMBETINAE","Ilybius guttiger Lv.",0,0,0,0,0,0,0,10,0,0
"504","Coleoptera","DYTISCIDAE","COLYMBETINAE","Ilybius montanus Ad.",0,0,0,0,0,0,0,10,0,0
"505","Coleoptera","DYTISCIDAE","COLYMBETINAE","Ilybius neglectus Ad.",0,0,0,0,0,0,0,10,0,0
"506","Coleoptera","DYTISCIDAE","COLYMBETINAE","Ilybius neglectus Lv.",0,0,0,0,0,0,0,10,0,0
"507","Coleoptera","DYTISCIDAE","COLYMBETINAE","Ilybius opacus Ad.",0,0,0,0,0,0,0,9,0,1
"508","Coleoptera","DYTISCIDAE","COLYMBETINAE","Ilybius opacus Lv.",0,0,0,0,0,0,0,9,0,1
"509","Coleoptera","DYTISCIDAE","COLYMBETINAE","Ilybius picipes Ad.",0,0,0,0,0,0,0,9,0,1
"510","Coleoptera","DYTISCIDAE","COLYMBETINAE","Ilybius picipes Lv.",0,0,0,0,0,0,0,9,0,1
"511","Coleoptera","DYTISCIDAE","COLYMBETINAE","Ilybius quadriguttatus Ad.",0,0,0,0,0,0,0,10,0,0
"512","Coleoptera","DYTISCIDAE","COLYMBETINAE","Ilybius quadriguttatus Lv.",0,0,0,0,0,0,0,10,0,0
"513","Coleoptera","DYTISCIDAE","COLYMBETINAE","Ilybius subaeneus Ad.",0,0,0,0,0,0,0,10,0,0
"514","Coleoptera","DYTISCIDAE","COLYMBETINAE","Ilybius subaeneus Lv.",0,0,0,0,0,0,0,10,0,0
"515","Coleoptera","DYTISCIDAE","COLYMBETINAE","Ilybius subtilis Ad.",0,0,0,0,0,0,0,10,0,0
"516","Coleoptera","DYTISCIDAE","COLYMBETINAE","Ilybius subtilis Lv.",0,0,0,0,0,0,0,10,0,0
"517","Coleoptera","DYTISCIDAE","COLYMBETINAE","Ilybius vittiger Ad.",0,0,0,0,0,0,0,9,0,1
"518","Coleoptera","DYTISCIDAE","COLYMBETINAE","Ilybius vittiger Lv.",0,0,0,0,0,0,0,9,0,1
"519","Coleoptera","DYTISCIDAE","COLYMBETINAE","Platambus maculatus Ad.",0,0,0,0,0,0,0,10,0,0
"520","Coleoptera","DYTISCIDAE","COLYMBETINAE","Platambus maculatus Lv.",0,0,0,0,0,0,0,10,0,0
"521","Coleoptera","DYTISCIDAE","COLYMBETINAE","Rhantus bistriatus Ad.",0,0,0,0,0,0,0,10,0,0
"522","Coleoptera","DYTISCIDAE","COLYMBETINAE","Rhantus bistriatus Lv.",0,0,0,0,0,0,0,10,0,0
"523","Coleoptera","DYTISCIDAE","COLYMBETINAE","Rhantus consputus Ad.",0,0,0,0,0,0,0,10,0,0
"524","Coleoptera","DYTISCIDAE","COLYMBETINAE","Rhantus consputus Lv.",0,0,0,0,0,0,0,10,0,0
"525","Coleoptera","DYTISCIDAE","COLYMBETINAE","Rhantus exsoletus Ad.",0,0,0,0,0,0,0,10,0,0
"526","Coleoptera","DYTISCIDAE","COLYMBETINAE","Rhantus exsoletus Lv.",0,0,0,0,0,0,0,10,0,0
"527","Coleoptera","DYTISCIDAE","COLYMBETINAE","Rhantus fennicus Ad.",0,0,0,0,0,0,0,8,0,2
"528","Coleoptera","DYTISCIDAE","COLYMBETINAE","Rhantus fennicus Lv.",0,0,0,0,0,0,0,8,0,2
"529","Coleoptera","DYTISCIDAE","COLYMBETINAE","Rhantus frontalis Ad.",0,0,0,0,0,0,0,9,0,1
"530","Coleoptera","DYTISCIDAE","COLYMBETINAE","Rhantus frontalis Lv.",0,0,0,0,0,0,0,9,0,1
"531","Coleoptera","DYTISCIDAE","COLYMBETINAE","Rhantus grapii Ad.",0,0,0,0,0,0,0,10,0,0
"532","Coleoptera","DYTISCIDAE","COLYMBETINAE","Rhantus grapii Lv.",0,0,0,0,0,0,0,10,0,0
"533","Coleoptera","DYTISCIDAE","COLYMBETINAE","Rhantus latitans Ad.",0,0,0,0,0,0,0,10,0,0
"534","Coleoptera","DYTISCIDAE","COLYMBETINAE","Rhantus latitans Lv.",0,0,0,0,0,0,0,10,0,0
"535","Coleoptera","DYTISCIDAE","COLYMBETINAE","Rhantus notaticollis Ad.",0,0,0,0,0,0,0,10,0,0
"536","Coleoptera","DYTISCIDAE","COLYMBETINAE","Rhantus notaticollis Lv.",0,0,0,0,0,0,0,10,0,0
"537","Coleoptera","DYTISCIDAE","COLYMBETINAE","Rhantus suturalis Ad.",0,0,0,0,0,0,0,10,0,0
"538","Coleoptera","DYTISCIDAE","COLYMBETINAE","Rhantus suturalis Lv.",0,0,0,0,0,0,0,10,0,0
"539","Coleoptera","DYTISCIDAE","COLYMBETINAE","Rhantus suturellus Ad.",0,0,0,0,0,0,0,10,0,0
"540","Coleoptera","DYTISCIDAE","COLYMBETINAE","Rhantus suturellus Lv.",0,0,0,0,0,0,0,10,0,0
"541","Coleoptera","DYTISCIDAE","COPELATINAE","Copelatus haemorrhoidalis Ad.",0,0,0,0,0,0,0,10,0,0
"542","Coleoptera","DYTISCIDAE","COPELATINAE","Copelatus haemorrhoidalis Lv.",0,0,0,0,0,0,0,10,0,0
"543","Coleoptera","DYTISCIDAE","DYTISCINAE","Acilius canaliculatus Ad.",0,0,0,0,0,0,0,10,0,0
"544","Coleoptera","DYTISCIDAE","DYTISCINAE","Acilius canaliculatus Lv.",0,0,0,0,0,0,0,10,0,0
"545","Coleoptera","DYTISCIDAE","DYTISCINAE","Acilius sulcatus Ad.",0,0,0,0,0,0,0,10,0,0
"546","Coleoptera","DYTISCIDAE","DYTISCINAE","Acilius sulcatus Lv.",0,0,0,0,0,0,0,10,0,0
"547","Coleoptera","DYTISCIDAE","DYTISCINAE","Cybister lateralimarginalis Ad.",0,0,0,0,0,0,0,10,0,0
"548","Coleoptera","DYTISCIDAE","DYTISCINAE","Cybister lateralimarginalis Lv.",0,0,0,0,0,0,0,10,0,0
"549","Coleoptera","DYTISCIDAE","DYTISCINAE","Dytiscus circumcinctus Ad.",0,0,0,0,0,0,0,10,0,0
"550","Coleoptera","DYTISCIDAE","DYTISCINAE","Dytiscus circumcinctus Lv.",0,0,0,0,0,0,0,10,0,0
"551","Coleoptera","DYTISCIDAE","DYTISCINAE","Dytiscus circumflexus Ad.",0,0,0,0,0,0,0,10,0,0
"552","Coleoptera","DYTISCIDAE","DYTISCINAE","Dytiscus circumflexus Lv.",0,0,0,0,0,0,0,10,0,0
"553","Coleoptera","DYTISCIDAE","DYTISCINAE","Dytiscus dimidiatus Ad.",0,0,0,0,0,0,0,10,0,0
"554","Coleoptera","DYTISCIDAE","DYTISCINAE","Dytiscus dimidiatus Lv.",0,0,0,0,0,0,0,10,0,0
"555","Coleoptera","DYTISCIDAE","DYTISCINAE","Dytiscus lapponicus Ad.",0,0,0,0,0,0,0,10,0,0
"556","Coleoptera","DYTISCIDAE","DYTISCINAE","Dytiscus latissimus Ad.",0,0,0,0,0,0,0,10,0,0
"557","Coleoptera","DYTISCIDAE","DYTISCINAE","Dytiscus latissimus Lv.",0,0,0,0,0,0,0,10,0,0
"558","Coleoptera","DYTISCIDAE","DYTISCINAE","Dytiscus marginalis Ad.",0,0,0,0,0,0,0,10,0,0
"559","Coleoptera","DYTISCIDAE","DYTISCINAE","Dytiscus marginalis Lv.",0,0,0,0,0,0,0,10,0,0
"560","Coleoptera","DYTISCIDAE","DYTISCINAE","Dytiscus semisulcatus Ad.",0,0,0,0,0,0,0,10,0,0
"561","Coleoptera","DYTISCIDAE","DYTISCINAE","Dytiscus semisulcatus Lv.",0,0,0,0,0,0,0,10,0,0
"562","Coleoptera","DYTISCIDAE","DYTISCINAE","Graphoderus austriacus Ad.",0,0,0,0,0,0,0,10,0,0
"563","Coleoptera","DYTISCIDAE","DYTISCINAE","Graphoderus austriacus Lv.",0,0,0,0,0,0,0,10,0,0
"564","Coleoptera","DYTISCIDAE","DYTISCINAE","Graphoderus bilineatus Ad.",0,0,0,0,0,0,0,10,0,0
"565","Coleoptera","DYTISCIDAE","DYTISCINAE","Graphoderus bilineatus Lv.",0,0,0,0,0,0,0,10,0,0
"566","Coleoptera","DYTISCIDAE","DYTISCINAE","Graphoderus cinereus Ad.",0,0,0,0,0,0,0,10,0,0
"567","Coleoptera","DYTISCIDAE","DYTISCINAE","Graphoderus cinereus Lv.",0,0,0,0,0,0,0,10,0,0
"568","Coleoptera","DYTISCIDAE","DYTISCINAE","Graphoderus zonatus verrucifer Ad.",0,0,0,0,0,0,0,10,0,0
"569","Coleoptera","DYTISCIDAE","DYTISCINAE","Graphoderus zonatus verrucifer Lv.",0,0,0,0,0,0,0,10,0,0
"570","Coleoptera","DYTISCIDAE","DYTISCINAE","Graphoderus zonatus zonatus Ad.",0,0,0,0,0,0,0,10,0,0
"571","Coleoptera","DYTISCIDAE","DYTISCINAE","Graphoderus zonatus zonatus Lv.",0,0,0,0,0,0,0,10,0,0
"572","Coleoptera","DYTISCIDAE","DYTISCINAE","Hydaticus continentalis Ad.",0,0,0,0,0,0,0,10,0,0
"573","Coleoptera","DYTISCIDAE","DYTISCINAE","Hydaticus continentalis Lv.",0,0,0,0,0,0,0,10,0,0
"574","Coleoptera","DYTISCIDAE","DYTISCINAE","Hydaticus grammicus Ad.",0,0,0,0,0,0,0,10,0,0
"575","Coleoptera","DYTISCIDAE","DYTISCINAE","Hydaticus grammicus Lv.",0,0,0,0,0,0,0,10,0,0
"576","Coleoptera","DYTISCIDAE","DYTISCINAE","Hydaticus leander Ad.",0,0,0,0,0,0,0,10,0,0
"577","Coleoptera","DYTISCIDAE","DYTISCINAE","Hydaticus leander Lv.",0,0,0,0,0,0,0,10,0,0
"578","Coleoptera","DYTISCIDAE","DYTISCINAE","Hydaticus seminiger Ad.",0,0,0,0,0,0,0,10,0,0
"579","Coleoptera","DYTISCIDAE","DYTISCINAE","Hydaticus seminiger Lv.",0,0,0,0,0,0,0,10,0,0
"580","Coleoptera","DYTISCIDAE","DYTISCINAE","Hydaticus transversalis Ad.",0,0,0,0,0,0,0,10,0,0
"581","Coleoptera","DYTISCIDAE","DYTISCINAE","Hydaticus transversalis Lv.",0,0,0,0,0,0,0,10,0,0
"582","Coleoptera","DYTISCIDAE","HYDROPORINAE","Bidessus delicatulus Ad.",0,0,0,0,0,0,0,10,0,0
"583","Coleoptera","DYTISCIDAE","HYDROPORINAE","Bidessus delicatulus Lv.",0,0,0,0,0,0,0,10,0,0
"584","Coleoptera","DYTISCIDAE","HYDROPORINAE","Bidessus grossepunctatus Ad.",0,0,0,0,0,0,0,10,0,0
"585","Coleoptera","DYTISCIDAE","HYDROPORINAE","Bidessus grossepunctatus Lv.",0,0,0,0,0,0,0,10,0,0
"586","Coleoptera","DYTISCIDAE","HYDROPORINAE","Bidessus minutissimus Ad.",0,0,0,0,0,0,0,10,0,0
"587","Coleoptera","DYTISCIDAE","HYDROPORINAE","Bidessus minutissimus Lv.",0,0,0,0,0,0,0,10,0,0
"588","Coleoptera","DYTISCIDAE","HYDROPORINAE","Bidessus nasutus Ad.",0,0,0,0,0,0,0,10,0,0
"589","Coleoptera","DYTISCIDAE","HYDROPORINAE","Bidessus nasutus Lv.",0,0,0,0,0,0,0,10,0,0
"590","Coleoptera","DYTISCIDAE","HYDROPORINAE","Bidessus unistriatus Ad.",0,0,0,0,0,0,0,10,0,0
"591","Coleoptera","DYTISCIDAE","HYDROPORINAE","Bidessus unistriatus Lv.",0,0,0,0,0,0,0,10,0,0
"592","Coleoptera","DYTISCIDAE","HYDROPORINAE","Deronectes aubei Ad.",0,0,0,0,0,0,0,10,0,0
"593","Coleoptera","DYTISCIDAE","HYDROPORINAE","Deronectes latus Ad.",0,0,0,0,0,0,0,10,0,0
"594","Coleoptera","DYTISCIDAE","HYDROPORINAE","Deronectes latus Lv.",0,0,0,0,0,0,0,10,0,0
"595","Coleoptera","DYTISCIDAE","HYDROPORINAE","Deronectes platynotus Ad.",0,0,0,0,0,0,0,10,0,0
"596","Coleoptera","DYTISCIDAE","HYDROPORINAE","Deronectes platynotus Lv.",0,0,0,0,0,0,0,10,0,0
"597","Coleoptera","DYTISCIDAE","HYDROPORINAE","Graptodytes bilineatus Ad.",0,0,0,0,0,0,0,10,0,0
"598","Coleoptera","DYTISCIDAE","HYDROPORINAE","Graptodytes bilineatus Lv.",0,0,0,0,0,0,0,10,0,0
"599","Coleoptera","DYTISCIDAE","HYDROPORINAE","Graptodytes granularis Ad.",0,0,0,0,0,0,0,10,0,0
"600","Coleoptera","DYTISCIDAE","HYDROPORINAE","Graptodytes granularis Lv.",0,0,0,0,0,0,0,10,0,0
"601","Coleoptera","DYTISCIDAE","HYDROPORINAE","Graptodytes pictus Ad.",0,0,0,0,0,0,0,10,0,0
"602","Coleoptera","DYTISCIDAE","HYDROPORINAE","Graptodytes pictus Lv.",0,0,0,0,0,0,0,10,0,0
"603","Coleoptera","DYTISCIDAE","HYDROPORINAE","Graptodytes varius Ad.",0,0,0,0,0,0,0,10,0,0
"604","Coleoptera","DYTISCIDAE","HYDROPORINAE","Graptodytes varius Lv.",0,0,0,0,0,0,0,10,0,0
"605","Coleoptera","DYTISCIDAE","HYDROPORINAE","Hydroglyphus geminus Ad.",0,0,0,0,0,0,0,10,0,0
"606","Coleoptera","DYTISCIDAE","HYDROPORINAE","Hydroglyphus geminus Lv.",0,0,0,0,0,0,0,10,0,0
"607","Coleoptera","DYTISCIDAE","HYDROPORINAE","Hydroporus acutangulus Ad.",0,0,0,0,0,0,0,8,0,2
"608","Coleoptera","DYTISCIDAE","HYDROPORINAE","Hydroporus acutangulus Lv.",0,0,0,0,0,0,0,8,0,2
"609","Coleoptera","DYTISCIDAE","HYDROPORINAE","Hydroporus angustatus Ad.",0,0,0,0,0,0,0,10,0,0
"610","Coleoptera","DYTISCIDAE","HYDROPORINAE","Hydroporus angustatus Lv.",0,0,0,0,0,0,0,10,0,0
"611","Coleoptera","DYTISCIDAE","HYDROPORINAE","Hydroporus discretus Ad.",0,0,0,0,0,0,0,10,0,0
"612","Coleoptera","DYTISCIDAE","HYDROPORINAE","Hydroporus discretus Lv.",0,0,0,0,0,0,0,10,0,0
"613","Coleoptera","DYTISCIDAE","HYDROPORINAE","Hydroporus dobrogeanus Ad.",0,0,0,0,0,0,0,10,0,0
"614","Coleoptera","DYTISCIDAE","HYDROPORINAE","Hydroporus dobrogeanus Lv.",0,0,0,0,0,0,0,10,0,0
"615","Coleoptera","DYTISCIDAE","HYDROPORINAE","Hydroporus elongatulus Ad.",0,0,0,0,0,0,0,10,0,0
"616","Coleoptera","DYTISCIDAE","HYDROPORINAE","Hydroporus elongatulus Lv.",0,0,0,0,0,0,0,10,0,0
"617","Coleoptera","DYTISCIDAE","HYDROPORINAE","Hydroporus erythrocephalus Ad.",0,0,0,0,0,0,0,10,0,0
"618","Coleoptera","DYTISCIDAE","HYDROPORINAE","Hydroporus erythrocephalus Lv.",0,0,0,0,0,0,0,10,0,0
"619","Coleoptera","DYTISCIDAE","HYDROPORINAE","Hydroporus ferrugineus Ad.",0,0,0,0,0,0,0,10,0,0
"620","Coleoptera","DYTISCIDAE","HYDROPORINAE","Hydroporus ferrugineus Lv.",0,0,0,0,0,0,0,10,0,0
"621","Coleoptera","DYTISCIDAE","HYDROPORINAE","Hydroporus foveolatus Ad.",0,0,0,0,0,0,0,10,0,0
"622","Coleoptera","DYTISCIDAE","HYDROPORINAE","Hydroporus foveolatus Lv.",0,0,0,0,0,0,0,10,0,0
"623","Coleoptera","DYTISCIDAE","HYDROPORINAE","Hydroporus fuscipennis Ad.",0,0,0,0,0,0,0,10,0,0
"624","Coleoptera","DYTISCIDAE","HYDROPORINAE","Hydroporus fuscipennis Lv.",0,0,0,0,0,0,0,10,0,0
"625","Coleoptera","DYTISCIDAE","HYDROPORINAE","Hydroporus glabriusculus Ad.",0,0,0,0,0,0,0,10,0,0
"626","Coleoptera","DYTISCIDAE","HYDROPORINAE","Hydroporus gyllenhalii Ad.",0,0,0,0,0,0,0,10,0,0
"627","Coleoptera","DYTISCIDAE","HYDROPORINAE","Hydroporus gyllenhalii Lv.",0,0,0,0,0,0,0,10,0,0
"628","Coleoptera","DYTISCIDAE","HYDROPORINAE","Hydroporus incognitus Ad.",0,0,0,0,0,0,0,10,0,0
"629","Coleoptera","DYTISCIDAE","HYDROPORINAE","Hydroporus incognitus Lv.",0,0,0,0,0,0,0,10,0,0
"630","Coleoptera","DYTISCIDAE","HYDROPORINAE","Hydroporus kraatzii Ad.",0,0,0,0,0,0,0,10,0,0
"631","Coleoptera","DYTISCIDAE","HYDROPORINAE","Hydroporus kraatzii Lv.",0,0,0,0,0,0,0,10,0,0
"632","Coleoptera","DYTISCIDAE","HYDROPORINAE","Hydroporus lapponum Ad.",0,0,0,0,0,0,0,8,0,2
"633","Coleoptera","DYTISCIDAE","HYDROPORINAE","Hydroporus lapponum Lv.",0,0,0,0,0,0,0,8,0,2
"634","Coleoptera","DYTISCIDAE","HYDROPORINAE","Hydroporus longicornis Ad.",0,0,0,0,0,0,0,10,0,0
"635","Coleoptera","DYTISCIDAE","HYDROPORINAE","Hydroporus longicornis Lv.",0,0,0,0,0,0,0,10,0,0
"636","Coleoptera","DYTISCIDAE","HYDROPORINAE","Hydroporus longulus Ad.",0,0,0,0,0,0,0,10,0,0
"637","Coleoptera","DYTISCIDAE","HYDROPORINAE","Hydroporus longulus Lv.",0,0,0,0,0,0,0,10,0,0
"638","Coleoptera","DYTISCIDAE","HYDROPORINAE","Hydroporus marginatus Ad.",0,0,0,0,0,0,0,10,0,0
"639","Coleoptera","DYTISCIDAE","HYDROPORINAE","Hydroporus marginatus Lv.",0,0,0,0,0,0,0,10,0,0
"640","Coleoptera","DYTISCIDAE","HYDROPORINAE","Hydroporus melanarius Ad.",0,0,0,0,0,0,0,10,0,0
"641","Coleoptera","DYTISCIDAE","HYDROPORINAE","Hydroporus melanarius Lv.",0,0,0,0,0,0,0,10,0,0
"642","Coleoptera","DYTISCIDAE","HYDROPORINAE","Hydroporus memnonius Ad.",0,0,0,0,0,0,0,10,0,0
"643","Coleoptera","DYTISCIDAE","HYDROPORINAE","Hydroporus memnonius Lv.",0,0,0,0,0,0,0,10,0,0
"644","Coleoptera","DYTISCIDAE","HYDROPORINAE","Hydroporus morio Ad.",0,0,0,0,0,0,0,8,0,2
"645","Coleoptera","DYTISCIDAE","HYDROPORINAE","Hydroporus morio Lv.",0,0,0,0,0,0,0,8,0,2
"646","Coleoptera","DYTISCIDAE","HYDROPORINAE","Hydroporus neglectus Ad.",0,0,0,0,0,0,0,10,0,0
"647","Coleoptera","DYTISCIDAE","HYDROPORINAE","Hydroporus neglectus Lv.",0,0,0,0,0,0,0,10,0,0
"648","Coleoptera","DYTISCIDAE","HYDROPORINAE","Hydroporus nigellus Ad.",0,0,0,0,0,0,0,10,0,0
"649","Coleoptera","DYTISCIDAE","HYDROPORINAE","Hydroporus nigellus Lv.",0,0,0,0,0,0,0,10,0,0
"650","Coleoptera","DYTISCIDAE","HYDROPORINAE","Hydroporus nigrita Ad.",0,0,0,0,0,0,0,10,0,0
"651","Coleoptera","DYTISCIDAE","HYDROPORINAE","Hydroporus nigrita Lv.",0,0,0,0,0,0,0,10,0,0
"652","Coleoptera","DYTISCIDAE","HYDROPORINAE","Hydroporus nivalis Ad.",0,0,0,0,0,0,0,10,0,0
"653","Coleoptera","DYTISCIDAE","HYDROPORINAE","Hydroporus nivalis Lv.",0,0,0,0,0,0,0,10,0,0
"654","Coleoptera","DYTISCIDAE","HYDROPORINAE","Hydroporus notabilis Ad.",0,0,0,0,0,0,0,8,0,2
"655","Coleoptera","DYTISCIDAE","HYDROPORINAE","Hydroporus notabilis Lv.",0,0,0,0,0,0,0,8,0,2
"656","Coleoptera","DYTISCIDAE","HYDROPORINAE","Hydroporus notatus Ad.",0,0,0,0,0,0,0,10,0,0
"657","Coleoptera","DYTISCIDAE","HYDROPORINAE","Hydroporus notatus Lv.",0,0,0,0,0,0,0,10,0,0
"658","Coleoptera","DYTISCIDAE","HYDROPORINAE","Hydroporus obscurus Ad.",0,0,0,0,0,0,0,10,0,0
"659","Coleoptera","DYTISCIDAE","HYDROPORINAE","Hydroporus obscurus Lv.",0,0,0,0,0,0,0,10,0,0
"660","Coleoptera","DYTISCIDAE","HYDROPORINAE","Hydroporus obsoletus Ad.",0,0,0,0,0,0,0,5,0,5
"661","Coleoptera","DYTISCIDAE","HYDROPORINAE","Hydroporus obsoletus Lv.",0,0,0,0,0,0,0,5,0,5
"662","Coleoptera","DYTISCIDAE","HYDROPORINAE","Hydroporus palustris Ad.",0,0,0,0,0,0,0,10,0,0
"663","Coleoptera","DYTISCIDAE","HYDROPORINAE","Hydroporus palustris Lv.",0,0,0,0,0,0,0,10,0,0
"664","Coleoptera","DYTISCIDAE","HYDROPORINAE","Hydroporus picicornis Ad.",0,0,0,0,0,0,0,8,0,2
"665","Coleoptera","DYTISCIDAE","HYDROPORINAE","Hydroporus picicornis Lv.",0,0,0,0,0,0,0,8,0,2
"666","Coleoptera","DYTISCIDAE","HYDROPORINAE","Hydroporus planus Ad.",0,0,0,0,0,0,0,10,0,0
"667","Coleoptera","DYTISCIDAE","HYDROPORINAE","Hydroporus planus Lv.",0,0,0,0,0,0,0,10,0,0
"668","Coleoptera","DYTISCIDAE","HYDROPORINAE","Hydroporus puberulus Ad.",0,0,0,0,0,0,0,8,0,2
"669","Coleoptera","DYTISCIDAE","HYDROPORINAE","Hydroporus puberulus Lv.",0,0,0,0,0,0,0,8,0,2
"670","Coleoptera","DYTISCIDAE","HYDROPORINAE","Hydroporus pubescens Ad.",0,0,0,0,0,0,0,10,0,0
"671","Coleoptera","DYTISCIDAE","HYDROPORINAE","Hydroporus pubescens Lv.",0,0,0,0,0,0,0,10,0,0
"672","Coleoptera","DYTISCIDAE","HYDROPORINAE","Hydroporus regularis Ad.",0,0,0,0,0,0,0,8,0,2
"673","Coleoptera","DYTISCIDAE","HYDROPORINAE","Hydroporus regularis Lv.",0,0,0,0,0,0,0,8,0,2
"674","Coleoptera","DYTISCIDAE","HYDROPORINAE","Hydroporus rufifrons Ad.",0,0,0,0,0,0,0,10,0,0
"675","Coleoptera","DYTISCIDAE","HYDROPORINAE","Hydroporus rufifrons Lv.",0,0,0,0,0,0,0,10,0,0
"676","Coleoptera","DYTISCIDAE","HYDROPORINAE","Hydroporus scalesianus Ad.",0,0,0,0,0,0,0,10,0,0
"677","Coleoptera","DYTISCIDAE","HYDROPORINAE","Hydroporus scalesianus Lv.",0,0,0,0,0,0,0,10,0,0
"678","Coleoptera","DYTISCIDAE","HYDROPORINAE","Hydroporus semenovi Ad.",0,0,0,0,0,0,0,8,0,2
"679","Coleoptera","DYTISCIDAE","HYDROPORINAE","Hydroporus semenovi Lv.",0,0,0,0,0,0,0,8,0,2
"680","Coleoptera","DYTISCIDAE","HYDROPORINAE","Hydroporus striola Ad.",0,0,0,0,0,0,0,10,0,0
"681","Coleoptera","DYTISCIDAE","HYDROPORINAE","Hydroporus striola Lv.",0,0,0,0,0,0,0,10,0,0
"682","Coleoptera","DYTISCIDAE","HYDROPORINAE","Hydroporus submuticus Ad.",0,0,0,0,0,0,0,8,0,2
"683","Coleoptera","DYTISCIDAE","HYDROPORINAE","Hydroporus submuticus Lv.",0,0,0,0,0,0,0,8,0,2
"684","Coleoptera","DYTISCIDAE","HYDROPORINAE","Hydroporus tristis Ad.",0,0,0,0,0,0,0,10,0,0
"685","Coleoptera","DYTISCIDAE","HYDROPORINAE","Hydroporus tristis Lv.",0,0,0,0,0,0,0,10,0,0
"686","Coleoptera","DYTISCIDAE","HYDROPORINAE","Hydroporus umbrosus Ad.",0,0,0,0,0,0,0,10,0,0
"687","Coleoptera","DYTISCIDAE","HYDROPORINAE","Hydroporus umbrosus Lv.",0,0,0,0,0,0,0,10,0,0
"688","Coleoptera","DYTISCIDAE","HYDROPORINAE","Hydrovatus cuspidatus Ad.",0,0,0,0,0,0,0,10,0,0
"689","Coleoptera","DYTISCIDAE","HYDROPORINAE","Hydrovatus cuspidatus Lv.",0,0,0,0,0,0,0,10,0,0
"690","Coleoptera","DYTISCIDAE","HYDROPORINAE","Hygrotus confluens Ad.",0,0,0,0,0,0,0,10,0,0
"691","Coleoptera","DYTISCIDAE","HYDROPORINAE","Hygrotus confluens Lv.",0,0,0,0,0,0,0,10,0,0
"692","Coleoptera","DYTISCIDAE","HYDROPORINAE","Hygrotus decoratus Ad.",0,0,0,0,0,0,0,10,0,0
"693","Coleoptera","DYTISCIDAE","HYDROPORINAE","Hygrotus decoratus Lv.",0,0,0,0,0,0,0,10,0,0
"694","Coleoptera","DYTISCIDAE","HYDROPORINAE","Hygrotus impressopunctatus Ad.",0,0,0,0,0,0,0,10,0,0
"695","Coleoptera","DYTISCIDAE","HYDROPORINAE","Hygrotus impressopunctatus Lv.",0,0,0,0,0,0,0,10,0,0
"696","Coleoptera","DYTISCIDAE","HYDROPORINAE","Hygrotus inaequalis Ad.",0,0,0,0,0,0,0,10,0,0
"697","Coleoptera","DYTISCIDAE","HYDROPORINAE","Hygrotus inaequalis Lv.",0,0,0,0,0,0,0,10,0,0
"698","Coleoptera","DYTISCIDAE","HYDROPORINAE","Hygrotus marklini Ad.",0,0,0,0,0,0,0,10,0,0
"699","Coleoptera","DYTISCIDAE","HYDROPORINAE","Hygrotus marklini Lv.",0,0,0,0,0,0,0,10,0,0
"700","Coleoptera","DYTISCIDAE","HYDROPORINAE","Hygrotus nigrolineatus Ad.",0,0,0,0,0,0,0,10,0,0
"701","Coleoptera","DYTISCIDAE","HYDROPORINAE","Hygrotus nigrolineatus Lv.",0,0,0,0,0,0,0,10,0,0
"702","Coleoptera","DYTISCIDAE","HYDROPORINAE","Hygrotus parallellogrammus",0,0,0,0,0,0,0,10,0,0
"703","Coleoptera","DYTISCIDAE","HYDROPORINAE","Hygrotus parallelogrammus Ad.",0,0,0,0,0,0,0,10,0,0
"704","Coleoptera","DYTISCIDAE","HYDROPORINAE","Hygrotus quinquelineatus Ad.",0,0,0,0,0,0,0,10,0,0
"705","Coleoptera","DYTISCIDAE","HYDROPORINAE","Hygrotus quinquelineatus Lv.",0,0,0,0,0,0,0,10,0,0
"706","Coleoptera","DYTISCIDAE","HYDROPORINAE","Hygrotus versicolor Ad.",0,0,0,0,0,0,0,10,0,0
"707","Coleoptera","DYTISCIDAE","HYDROPORINAE","Hygrotus versicolor Lv.",0,0,0,0,0,0,0,10,0,0
"708","Coleoptera","DYTISCIDAE","HYDROPORINAE","Hyphydrus aubei Ad.",0,0,0,0,0,0,0,10,0,0
"709","Coleoptera","DYTISCIDAE","HYDROPORINAE","Hyphydrus aubei Lv.",0,0,0,0,0,0,0,10,0,0
"710","Coleoptera","DYTISCIDAE","HYDROPORINAE","Hyphydrus ovatus Ad.",0,0,0,0,0,0,0,10,0,0
"711","Coleoptera","DYTISCIDAE","HYDROPORINAE","Hyphydrus ovatus Lv.",0,0,0,0,0,0,0,10,0,0
"712","Coleoptera","DYTISCIDAE","HYDROPORINAE","Nebrioporus assimilis Ad.",0,0,0,0,0,0,0,10,0,0
"713","Coleoptera","DYTISCIDAE","HYDROPORINAE","Nebrioporus assimilis Lv.",0,0,0,0,0,0,0,10,0,0
"714","Coleoptera","DYTISCIDAE","HYDROPORINAE","Nebrioporus canaliculatus Ad.",0,0,0,0,0,0,0,10,0,0
"715","Coleoptera","DYTISCIDAE","HYDROPORINAE","Nebrioporus canaliculatus Lv.",0,0,0,0,0,0,0,10,0,0
"716","Coleoptera","DYTISCIDAE","HYDROPORINAE","Nebrioporus depressus Ad.",0,0,0,0,0,0,0,10,0,0
"717","Coleoptera","DYTISCIDAE","HYDROPORINAE","Nebrioporus depressus Lv.",0,0,0,0,0,0,0,10,0,0
"718","Coleoptera","DYTISCIDAE","HYDROPORINAE","Nebrioporus elegans Ad.",0,0,0,0,0,0,0,10,0,0
"719","Coleoptera","DYTISCIDAE","HYDROPORINAE","Nebrioporus elegans Lv.",0,0,0,0,0,0,0,10,0,0
"720","Coleoptera","DYTISCIDAE","HYDROPORINAE","Oreodytes alpinus Ad.",0,0,0,0,0,0,0,10,0,0
"721","Coleoptera","DYTISCIDAE","HYDROPORINAE","Oreodytes alpinus Lv.",0,0,0,0,0,0,0,10,0,0
"722","Coleoptera","DYTISCIDAE","HYDROPORINAE","Oreodytes davisii Ad.",0,0,0,0,0,0,0,10,0,0
"723","Coleoptera","DYTISCIDAE","HYDROPORINAE","Oreodytes davisii Lv.",0,0,0,0,0,0,0,10,0,0
"724","Coleoptera","DYTISCIDAE","HYDROPORINAE","Oreodytes sanmarkii Ad.",0,0,0,0,0,0,0,10,0,0
"725","Coleoptera","DYTISCIDAE","HYDROPORINAE","Oreodytes sanmarkii Lv.",0,0,0,0,0,0,0,10,0,0
"726","Coleoptera","DYTISCIDAE","HYDROPORINAE","Oreodytes septentrionalis Ad.",0,0,0,0,0,0,0,10,0,0
"727","Coleoptera","DYTISCIDAE","HYDROPORINAE","Oreodytes septentrionalis Lv.",0,0,0,0,0,0,0,10,0,0
"728","Coleoptera","DYTISCIDAE","HYDROPORINAE","Porhydrus lineatus Ad.",0,0,0,0,0,0,0,10,0,0
"729","Coleoptera","DYTISCIDAE","HYDROPORINAE","Porhydrus lineatus Lv.",0,0,0,0,0,0,0,10,0,0
"730","Coleoptera","DYTISCIDAE","HYDROPORINAE","Porhydrus obliquesignatus Ad.",0,0,0,0,0,0,0,10,0,0
"731","Coleoptera","DYTISCIDAE","HYDROPORINAE","Porhydrus obliquesignatus Lv.",0,0,0,0,0,0,0,10,0,0
"732","Coleoptera","DYTISCIDAE","HYDROPORINAE","Scarodytes halensis Ad.",0,0,0,0,0,0,0,10,0,0
"733","Coleoptera","DYTISCIDAE","HYDROPORINAE","Scarodytes halensis Lv.",0,0,0,0,0,0,0,10,0,0
"734","Coleoptera","DYTISCIDAE","HYDROPORINAE","Stictonectes lepidus Ad.",0,0,0,0,0,0,0,10,0,0
"735","Coleoptera","DYTISCIDAE","HYDROPORINAE","Stictotarsus duodecimpustulatus Ad.",0,0,0,0,0,0,0,10,0,0
"736","Coleoptera","DYTISCIDAE","HYDROPORINAE","Stictotarsus duodecimpustulatus Lv.",0,0,0,0,0,0,0,10,0,0
"737","Coleoptera","DYTISCIDAE","HYDROPORINAE","Stictotarsus griseostriatus Ad.",0,0,0,0,0,0,0,10,0,0
"738","Coleoptera","DYTISCIDAE","HYDROPORINAE","Suphrodytes dorsalis Ad.",0,0,0,0,0,0,0,10,0,0
"739","Coleoptera","DYTISCIDAE","LACCOPHILINAE","Laccophilus biguttatus Ad.",0,0,0,0,0,0,0,10,0,0
"740","Coleoptera","DYTISCIDAE","LACCOPHILINAE","Laccophilus biguttatus Lv.",0,0,0,0,0,0,0,10,0,0
"741","Coleoptera","DYTISCIDAE","LACCOPHILINAE","Laccophilus hyalinus Ad.",0,0,0,0,0,0,0,10,0,0
"742","Coleoptera","DYTISCIDAE","LACCOPHILINAE","Laccophilus hyalinus Lv.",0,0,0,0,0,0,0,10,0,0
"743","Coleoptera","DYTISCIDAE","LACCOPHILINAE","Laccophilus minutus Ad.",0,0,0,0,0,0,0,10,0,0
"744","Coleoptera","DYTISCIDAE","LACCOPHILINAE","Laccophilus minutus Lv.",0,0,0,0,0,0,0,10,0,0
"745","Coleoptera","DYTISCIDAE","LACCOPHILINAE","Laccophilus poecilus Ad.",0,0,0,0,0,0,0,10,0,0
"746","Coleoptera","DYTISCIDAE","LACCOPHILINAE","Laccophilus poecilus Lv.",0,0,0,0,0,0,0,10,0,0
"747","Coleoptera","DYTISCIDAE","LACCORNINAE","Laccornis kocae",0,0,0,0,0,0,0,10,0,0
"748","Coleoptera","DYTISCIDAE","LACCORNINAE","Laccornis kocai Ad.",0,0,0,0,0,0,0,10,0,0
"749","Coleoptera","DYTISCIDAE","LACCORNINAE","Laccornis oblongus Ad.",0,0,0,0,0,0,0,10,0,0
"750","Coleoptera","DYTISCIDAE","LACCORNINAE","Laccornis oblongus Lv.",0,0,0,0,0,0,0,10,0,0
"751","Coleoptera","ELMIDAE","ELMINAE","Elmis aenea Ad.",9,0,0,0,1,0,0,0,0,0
"752","Coleoptera","ELMIDAE","ELMINAE","Elmis aenea Lv.",9,0,0,0,1,0,0,0,0,0
"753","Coleoptera","ELMIDAE","ELMINAE","Elmis latreillei Ad.",8,0,0,0,2,0,0,0,0,0
"754","Coleoptera","ELMIDAE","ELMINAE","Elmis latreillei Lv.",8,0,0,0,2,0,0,0,0,0
"755","Coleoptera","ELMIDAE","ELMINAE","Elmis maugetii Ad.",9,0,0,0,1,0,0,0,0,0
"756","Coleoptera","ELMIDAE","ELMINAE","Elmis maugetii Lv.",9,0,0,0,1,0,0,0,0,0
"757","Coleoptera","ELMIDAE","ELMINAE","Elmis obscura Ad.",8,0,0,0,2,0,0,0,0,0
"758","Coleoptera","ELMIDAE","ELMINAE","Elmis obscura Lv.",8,0,0,0,2,0,0,0,0,0
"759","Coleoptera","ELMIDAE","ELMINAE","Elmis rietscheli Ad.",10,0,0,0,0,0,0,0,0,0
"760","Coleoptera","ELMIDAE","ELMINAE","Elmis rietscheli Lv.",10,0,0,0,0,0,0,0,0,0
"761","Coleoptera","ELMIDAE","ELMINAE","Elmis rioloides Ad.",10,0,0,0,0,0,0,0,0,0
"762","Coleoptera","ELMIDAE","ELMINAE","Elmis rioloides Lv.",10,0,0,0,0,0,0,0,0,0
"763","Coleoptera","ELMIDAE","ELMINAE","Esolus angustatus Ad.",8,0,0,0,2,0,0,0,0,0
"764","Coleoptera","ELMIDAE","ELMINAE","Esolus angustatus Lv.",8,0,0,0,2,0,0,0,0,0
"765","Coleoptera","ELMIDAE","ELMINAE","Esolus parallelepipedus Ad.",8,0,0,0,2,0,0,0,0,0
"766","Coleoptera","ELMIDAE","ELMINAE","Esolus parallelepipedus Lv.",8,0,0,0,2,0,0,0,0,0
"767","Coleoptera","ELMIDAE","ELMINAE","Esolus pygmaeus Ad.",8,0,0,0,2,0,0,0,0,0
"768","Coleoptera","ELMIDAE","ELMINAE","Esolus pygmaeus Lv.",8,0,0,0,2,0,0,0,0,0
"769","Coleoptera","ELMIDAE","ELMINAE","Limnius muelleri Ad.",10,0,0,0,0,0,0,0,0,0
"770","Coleoptera","ELMIDAE","ELMINAE","Limnius opacus Ad.",10,0,0,0,0,0,0,0,0,0
"771","Coleoptera","ELMIDAE","ELMINAE","Limnius perrisi Ad.",8,0,0,1,1,0,0,0,0,0
"772","Coleoptera","ELMIDAE","ELMINAE","Limnius perrisi Lv.",10,0,0,0,0,0,0,0,0,0
"773","Coleoptera","ELMIDAE","ELMINAE","Limnius volckmari Ad.",8,0,0,1,1,0,0,0,0,0
"774","Coleoptera","ELMIDAE","ELMINAE","Limnius volckmari Lv.",10,0,0,0,0,0,0,0,0,0
"775","Coleoptera","ELMIDAE","ELMINAE","Macronychus quadrituberculatus Ad.",0,0,10,0,0,0,0,0,0,0
"776","Coleoptera","ELMIDAE","ELMINAE","Macronychus quadrituberculatus Lv.",0,0,10,0,0,0,0,0,0,0
"777","Coleoptera","ELMIDAE","ELMINAE","Normandia nitens Ad.",5,0,0,0,5,0,0,0,0,0
"778","Coleoptera","ELMIDAE","ELMINAE","Normandia sodalis Ad.",10,0,0,0,0,0,0,0,0,0
"779","Coleoptera","ELMIDAE","ELMINAE","Oulimnius major Ad.",5,0,0,0,5,0,0,0,0,0
"780","Coleoptera","ELMIDAE","ELMINAE","Oulimnius rivularis Ad.",5,0,0,0,5,0,0,0,0,0
"781","Coleoptera","ELMIDAE","ELMINAE","Oulimnius troglodytes Ad.",7,0,0,0,3,0,0,0,0,0
"782","Coleoptera","ELMIDAE","ELMINAE","Oulimnius troglodytes Lv.",7,0,0,0,3,0,0,0,0,0
"783","Coleoptera","ELMIDAE","ELMINAE","Oulimnius tuberculatus Ad.",7,0,0,0,3,0,0,0,0,0
"784","Coleoptera","ELMIDAE","ELMINAE","Oulimnius tuberculatus Lv.",7,0,0,0,3,0,0,0,0,0
"785","Coleoptera","ELMIDAE","ELMINAE","Riolus cupreus Ad.",9,0,0,0,1,0,0,0,0,0
"786","Coleoptera","ELMIDAE","ELMINAE","Riolus cupreus Lv.",9,0,0,0,1,0,0,0,0,0
"787","Coleoptera","ELMIDAE","ELMINAE","Riolus illiesi Ad.",10,0,0,0,0,0,0,0,0,0
"788","Coleoptera","ELMIDAE","ELMINAE","Riolus subviolaceus Ad.",8,0,0,0,2,0,0,0,0,0
"789","Coleoptera","ELMIDAE","ELMINAE","Riolus subviolaceus Lv.",8,0,0,0,2,0,0,0,0,0
"790","Coleoptera","ELMIDAE","ELMINAE","Stenelmis canaliculata Ad.",5,0,0,0,5,0,0,0,0,0
"791","Coleoptera","ELMIDAE","ELMINAE","Stenelmis canaliculata Lv.",10,0,0,0,0,0,0,0,0,0
"792","Coleoptera","ELMIDAE","ELMINAE","Stenelmis consobrina Ad.",10,0,0,0,0,0,0,0,0,0
"793","Coleoptera","ELMIDAE","ELMINAE","Stenelmis consobrina Lv.",10,0,0,0,0,0,0,0,0,0
"794","Coleoptera","ELMIDAE","LARAINAE","Potamophilus acuminatus Ad.",0,0,10,0,0,0,0,0,0,0
"795","Coleoptera","ELMIDAE","LARAINAE","Potamophilus acuminatus Lv.",0,0,10,0,0,0,0,0,0,0
"796","Coleoptera","GYRINIDAE","GYRININAE","Gyrinus aeratus Ad.",0,0,0,0,0,0,0,8,0,2
"797","Coleoptera","GYRINIDAE","GYRININAE","Gyrinus aeratus Lv.",0,0,0,0,0,0,0,8,0,2
"798","Coleoptera","GYRINIDAE","GYRININAE","Gyrinus caspius Ad.",0,0,0,0,0,0,0,10,0,0
"799","Coleoptera","GYRINIDAE","GYRININAE","Gyrinus colymbus Ad.",0,0,0,0,0,0,0,10,0,0
"800","Coleoptera","GYRINIDAE","GYRININAE","Gyrinus colymbus Lv.",0,0,0,0,0,0,0,10,0,0
"801","Coleoptera","GYRINIDAE","GYRININAE","Gyrinus distinctus Ad.",0,0,0,0,0,0,0,10,0,0
"802","Coleoptera","GYRINIDAE","GYRININAE","Gyrinus distinctus Lv.",0,0,0,0,0,0,0,10,0,0
"803","Coleoptera","GYRINIDAE","GYRININAE","Gyrinus marinus Ad.",0,0,0,0,0,0,0,10,0,0
"804","Coleoptera","GYRINIDAE","GYRININAE","Gyrinus marinus Lv.",0,0,0,0,0,0,0,10,0,0
"805","Coleoptera","GYRINIDAE","GYRININAE","Gyrinus minutus Ad.",0,0,0,0,0,0,0,10,0,0
"806","Coleoptera","GYRINIDAE","GYRININAE","Gyrinus minutus Lv.",0,0,0,0,0,0,0,10,0,0
"807","Coleoptera","GYRINIDAE","GYRININAE","Gyrinus natator Ad.",0,0,0,0,0,0,0,9,0,1
"808","Coleoptera","GYRINIDAE","GYRININAE","Gyrinus natator Lv.",0,0,0,0,0,0,0,9,0,1
"809","Coleoptera","GYRINIDAE","GYRININAE","Gyrinus opacus Ad.",0,0,0,0,0,0,0,8,0,2
"810","Coleoptera","GYRINIDAE","GYRININAE","Gyrinus opacus Lv.",0,0,0,0,0,0,0,8,0,2
"811","Coleoptera","GYRINIDAE","GYRININAE","Gyrinus paykulli Ad.",0,0,0,0,0,0,0,10,0,0
"812","Coleoptera","GYRINIDAE","GYRININAE","Gyrinus paykulli Lv.",0,0,0,0,0,0,0,10,0,0
"813","Coleoptera","GYRINIDAE","GYRININAE","Gyrinus pullatus Ad.",0,0,0,0,0,0,0,8,0,2
"814","Coleoptera","GYRINIDAE","GYRININAE","Gyrinus pullatus Lv.",0,0,0,0,0,0,0,8,0,2
"815","Coleoptera","GYRINIDAE","GYRININAE","Gyrinus substriatus Ad.",0,0,0,0,0,0,0,10,0,0
"816","Coleoptera","GYRINIDAE","GYRININAE","Gyrinus substriatus Lv.",0,0,0,0,0,0,0,10,0,0
"817","Coleoptera","GYRINIDAE","GYRININAE","Gyrinus suffriani Ad.",0,0,0,0,0,0,0,10,0,0
"818","Coleoptera","GYRINIDAE","GYRININAE","Gyrinus suffriani Lv.",0,0,0,0,0,0,0,10,0,0
"819","Coleoptera","GYRINIDAE","GYRININAE","Gyrinus urinator Ad.",0,0,0,0,0,0,0,10,0,0
"820","Coleoptera","GYRINIDAE","GYRININAE","Gyrinus urinator Lv.",0,0,0,0,0,0,0,10,0,0
"821","Coleoptera","GYRINIDAE","ORECTOCHILINAE","Aulonogyrus concinnus Ad.",0,0,0,0,0,0,0,10,0,0
"822","Coleoptera","GYRINIDAE","ORECTOCHILINAE","Aulonogyrus concinnus Lv.",0,0,0,0,0,0,0,10,0,0
"823","Coleoptera","GYRINIDAE","ORECTOCHILINAE","Orectochilus villosus Ad.",0,0,0,0,0,0,0,10,0,0
"824","Coleoptera","GYRINIDAE","ORECTOCHILINAE","Orectochilus villosus Lv.",0,0,0,0,0,0,0,10,0,0
"825","Coleoptera","HALIPLIDAE","[Fam:HALIPLIDAE]","Brychius elevatus Ad.",6,0,0,0,2,0,0,2,0,0
"826","Coleoptera","HALIPLIDAE","[Fam:HALIPLIDAE]","Brychius elevatus Lv.",6,0,0,0,2,0,0,2,0,0
"827","Coleoptera","HALIPLIDAE","[Fam:HALIPLIDAE]","Haliplus apicalis Ad.",0,6,0,0,0,0,0,4,0,0
"828","Coleoptera","HALIPLIDAE","[Fam:HALIPLIDAE]","Haliplus apicalis Lv.",0,0,0,0,0,0,0,0,0,10
"829","Coleoptera","HALIPLIDAE","[Fam:HALIPLIDAE]","Haliplus confinis Ad.",3,5,0,0,0,0,0,2,0,0
"830","Coleoptera","HALIPLIDAE","[Fam:HALIPLIDAE]","Haliplus confinis Lv.",0,0,0,0,0,0,0,0,0,10
"831","Coleoptera","HALIPLIDAE","[Fam:HALIPLIDAE]","Haliplus flavicollis Ad.",3,0,0,0,0,0,0,7,0,0
"832","Coleoptera","HALIPLIDAE","[Fam:HALIPLIDAE]","Haliplus flavicollis Lv.",0,0,0,0,0,0,0,0,0,10
"833","Coleoptera","HALIPLIDAE","[Fam:HALIPLIDAE]","Haliplus fluviatilis Ad.",3,4,0,0,0,0,0,3,0,0
"834","Coleoptera","HALIPLIDAE","[Fam:HALIPLIDAE]","Haliplus fluviatilis Lv.",0,0,0,0,0,0,0,0,0,10
"835","Coleoptera","HALIPLIDAE","[Fam:HALIPLIDAE]","Haliplus fulvus Ad.",1,0,0,0,0,0,0,9,0,0
"836","Coleoptera","HALIPLIDAE","[Fam:HALIPLIDAE]","Haliplus fulvus Lv.",0,0,0,0,0,0,0,0,0,10
"837","Coleoptera","HALIPLIDAE","[Fam:HALIPLIDAE]","Haliplus furcatus Ad.",3,4,0,0,0,0,0,3,0,0
"838","Coleoptera","HALIPLIDAE","[Fam:HALIPLIDAE]","Haliplus furcatus Lv.",0,0,0,0,0,0,0,0,0,10
"839","Coleoptera","HALIPLIDAE","[Fam:HALIPLIDAE]","Haliplus heydeni Ad.",7,0,0,0,0,0,0,3,0,0
"840","Coleoptera","HALIPLIDAE","[Fam:HALIPLIDAE]","Haliplus heydeni Lv.",0,0,0,0,0,0,0,0,0,10
"841","Coleoptera","HALIPLIDAE","[Fam:HALIPLIDAE]","Haliplus immaculatus Ad.",5,0,0,0,0,0,0,5,0,0
"842","Coleoptera","HALIPLIDAE","[Fam:HALIPLIDAE]","Haliplus immaculatus Lv.",0,0,0,0,0,0,0,0,0,10
"843","Coleoptera","HALIPLIDAE","[Fam:HALIPLIDAE]","Haliplus laminatus Ad.",3,0,0,0,0,0,0,7,0,0
"844","Coleoptera","HALIPLIDAE","[Fam:HALIPLIDAE]","Haliplus laminatus Lv.",0,0,0,0,0,0,0,0,0,10
"845","Coleoptera","HALIPLIDAE","[Fam:HALIPLIDAE]","Haliplus lineatocollis Ad.",5,3,0,0,0,0,0,2,0,0
"846","Coleoptera","HALIPLIDAE","[Fam:HALIPLIDAE]","Haliplus lineatocollis Lv.",0,0,0,0,0,0,0,0,0,10
"847","Coleoptera","HALIPLIDAE","[Fam:HALIPLIDAE]","Haliplus lineolatus Ad.",0,4,0,2,0,0,0,4,0,0
"848","Coleoptera","HALIPLIDAE","[Fam:HALIPLIDAE]","Haliplus lineolatus Lv.",0,0,0,0,0,0,0,0,0,10
"849","Coleoptera","HALIPLIDAE","[Fam:HALIPLIDAE]","Haliplus mucronatus Ad.",0,0,0,0,0,0,0,0,0,10
"850","Coleoptera","HALIPLIDAE","[Fam:HALIPLIDAE]","Haliplus mucronatus Lv.",0,0,0,0,0,0,0,0,0,10
"851","Coleoptera","HALIPLIDAE","[Fam:HALIPLIDAE]","Haliplus obliquus Ad.",4,3,0,0,0,0,0,3,0,0
"852","Coleoptera","HALIPLIDAE","[Fam:HALIPLIDAE]","Haliplus obliquus Lv.",0,0,0,0,0,0,0,0,0,10
"853","Coleoptera","HALIPLIDAE","[Fam:HALIPLIDAE]","Haliplus ruficollis Ad.",8,0,0,0,0,0,0,2,0,0
"854","Coleoptera","HALIPLIDAE","[Fam:HALIPLIDAE]","Haliplus ruficollis Lv.",0,0,0,0,0,0,0,0,0,10
"855","Coleoptera","HALIPLIDAE","[Fam:HALIPLIDAE]","Haliplus sibiricus Ad.",2,4,0,1,0,0,0,3,0,0
"856","Coleoptera","HALIPLIDAE","[Fam:HALIPLIDAE]","Haliplus sibiricus Lv.",2,4,0,1,0,0,0,3,0,0
"857","Coleoptera","HALIPLIDAE","[Fam:HALIPLIDAE]","Haliplus variegatus Ad.",5,3,0,0,0,0,0,2,0,0
"858","Coleoptera","HALIPLIDAE","[Fam:HALIPLIDAE]","Haliplus variegatus Lv.",0,0,0,0,0,0,0,0,0,10
"859","Coleoptera","HALIPLIDAE","[Fam:HALIPLIDAE]","Haliplus varius Ad.",0,0,0,5,0,0,0,5,0,0
"860","Coleoptera","HALIPLIDAE","[Fam:HALIPLIDAE]","Haliplus wehnckei Ad.",2,0,0,0,0,0,0,8,0,0
"861","Coleoptera","HALIPLIDAE","[Fam:HALIPLIDAE]","Haliplus wehnckei Lv.",0,0,0,0,0,0,0,0,0,10
"862","Coleoptera","HALIPLIDAE","[Fam:HALIPLIDAE]","Peltodytes caesus Ad.",3,3,0,0,1,0,0,3,0,0
"863","Coleoptera","HALIPLIDAE","[Fam:HALIPLIDAE]","Peltodytes caesus Lv.",0,0,0,0,0,0,0,0,0,10
"864","Coleoptera","HELOPHORIDAE","[Fam:HELOPHORIDAE]","Helophorus aequalis Ad.",0,0,0,10,0,0,0,0,0,0
"865","Coleoptera","HELOPHORIDAE","[Fam:HELOPHORIDAE]","Helophorus alternans Ad.",0,0,0,10,0,0,0,0,0,0
"866","Coleoptera","HELOPHORIDAE","[Fam:HELOPHORIDAE]","Helophorus aquaticus Ad.",0,0,0,10,0,0,0,0,0,0
"867","Coleoptera","HELOPHORIDAE","[Fam:HELOPHORIDAE]","Helophorus arvernicus Ad.",0,0,0,10,0,0,0,0,0,0
"868","Coleoptera","HELOPHORIDAE","[Fam:HELOPHORIDAE]","Helophorus asperatus Ad.",0,0,0,10,0,0,0,0,0,0
"869","Coleoptera","HELOPHORIDAE","[Fam:HELOPHORIDAE]","Helophorus brevipalpis Ad.",0,0,0,10,0,0,0,0,0,0
"870","Coleoptera","HELOPHORIDAE","[Fam:HELOPHORIDAE]","Helophorus croaticus Ad.",0,0,0,10,0,0,0,0,0,0
"871","Coleoptera","HELOPHORIDAE","[Fam:HELOPHORIDAE]","Helophorus flavipes Ad.",0,0,0,10,0,0,0,0,0,0
"872","Coleoptera","HELOPHORIDAE","[Fam:HELOPHORIDAE]","Helophorus fulgidicollis Ad.",0,0,0,10,0,0,0,0,0,0
"873","Coleoptera","HELOPHORIDAE","[Fam:HELOPHORIDAE]","Helophorus granularis Ad.",0,0,0,10,0,0,0,0,0,0
"874","Coleoptera","HELOPHORIDAE","[Fam:HELOPHORIDAE]","Helophorus minutus Ad.",0,0,0,10,0,0,0,0,0,0
"875","Coleoptera","HELOPHORIDAE","[Fam:HELOPHORIDAE]","Helophorus nanus Ad.",0,0,0,10,0,0,0,0,0,0
"876","Coleoptera","HELOPHORIDAE","[Fam:HELOPHORIDAE]","Helophorus obscurus obscurus Ad.",0,0,0,10,0,0,0,0,0,0
"877","Coleoptera","HELOPHORIDAE","[Fam:HELOPHORIDAE]","Helophorus obscurus subarcuatus Ad.",0,0,0,10,0,0,0,0,0,0
"878","Coleoptera","HELOPHORIDAE","[Fam:HELOPHORIDAE]","Helophorus strigifrons Ad.",0,0,0,10,0,0,0,0,0,0
"879","Coleoptera","HYDRAENIDAE","HYDRAENINAE","Hydraena alpicola Ad.",10,0,0,0,0,0,0,0,0,0
"880","Coleoptera","HYDRAENIDAE","HYDRAENINAE","Hydraena alpicola Lv.",0,0,0,0,0,0,0,10,0,0
"881","Coleoptera","HYDRAENIDAE","HYDRAENINAE","Hydraena angulosa Ad.",10,0,0,0,0,0,0,0,0,0
"882","Coleoptera","HYDRAENIDAE","HYDRAENINAE","Hydraena assimilis Ad.",0,0,0,3,4,0,3,0,0,0
"883","Coleoptera","HYDRAENIDAE","HYDRAENINAE","Hydraena belgica Ad.",10,0,0,0,0,0,0,0,0,0
"884","Coleoptera","HYDRAENIDAE","HYDRAENINAE","Hydraena belgica Lv.",0,0,0,0,0,0,0,10,0,0
"885","Coleoptera","HYDRAENIDAE","HYDRAENINAE","Hydraena britteni Ad.",10,0,0,0,0,0,0,0,0,0
"886","Coleoptera","HYDRAENIDAE","HYDRAENINAE","Hydraena britteni Lv.",0,0,0,0,0,0,0,10,0,0
"887","Coleoptera","HYDRAENIDAE","HYDRAENINAE","Hydraena dentipes Ad.",10,0,0,0,0,0,0,0,0,0
"888","Coleoptera","HYDRAENIDAE","HYDRAENINAE","Hydraena dentipes Lv.",0,0,0,0,0,0,0,10,0,0
"889","Coleoptera","HYDRAENIDAE","HYDRAENINAE","Hydraena egoni Ad.",10,0,0,0,0,0,0,0,0,0
"890","Coleoptera","HYDRAENIDAE","HYDRAENINAE","Hydraena excisa Ad.",10,0,0,0,0,0,0,0,0,0
"891","Coleoptera","HYDRAENIDAE","HYDRAENINAE","Hydraena excisa Lv.",0,0,0,0,0,0,0,10,0,0
"892","Coleoptera","HYDRAENIDAE","HYDRAENINAE","Hydraena gracilis Ad.",10,0,0,0,0,0,0,0,0,0
"893","Coleoptera","HYDRAENIDAE","HYDRAENINAE","Hydraena gracilis Lv.",0,0,0,0,0,0,0,10,0,0
"894","Coleoptera","HYDRAENIDAE","HYDRAENINAE","Hydraena intermedia Ad.",10,0,0,0,0,0,0,0,0,0
"895","Coleoptera","HYDRAENIDAE","HYDRAENINAE","Hydraena intermedia Lv.",0,0,0,0,0,0,0,10,0,0
"896","Coleoptera","HYDRAENIDAE","HYDRAENINAE","Hydraena lapidicola Ad.",10,0,0,0,0,0,0,0,0,0
"897","Coleoptera","HYDRAENIDAE","HYDRAENINAE","Hydraena lapidicola Lv.",0,0,0,0,0,0,0,10,0,0
"898","Coleoptera","HYDRAENIDAE","HYDRAENINAE","Hydraena melas Ad.",10,0,0,0,0,0,0,0,0,0
"899","Coleoptera","HYDRAENIDAE","HYDRAENINAE","Hydraena melas Lv.",0,0,0,0,0,0,0,10,0,0
"900","Coleoptera","HYDRAENIDAE","HYDRAENINAE","Hydraena minutissima Ad.",10,0,0,0,0,0,0,0,0,0
"901","Coleoptera","HYDRAENIDAE","HYDRAENINAE","Hydraena minutissima Lv.",0,0,0,0,0,0,0,10,0,0
"902","Coleoptera","HYDRAENIDAE","HYDRAENINAE","Hydraena morio Ad.",10,0,0,0,0,0,0,0,0,0
"903","Coleoptera","HYDRAENIDAE","HYDRAENINAE","Hydraena morio Lv.",0,0,0,0,0,0,0,10,0,0
"904","Coleoptera","HYDRAENIDAE","HYDRAENINAE","Hydraena muelleri Ad.",10,0,0,0,0,0,0,0,0,0
"905","Coleoptera","HYDRAENIDAE","HYDRAENINAE","Hydraena muelleri Lv.",0,0,0,0,0,0,0,10,0,0
"906","Coleoptera","HYDRAENIDAE","HYDRAENINAE","Hydraena nigrita Ad.",10,0,0,0,0,0,0,0,0,0
"907","Coleoptera","HYDRAENIDAE","HYDRAENINAE","Hydraena nigrita Lv.",0,0,0,0,0,0,0,10,0,0
"908","Coleoptera","HYDRAENIDAE","HYDRAENINAE","Hydraena paganettii Ad.",10,0,0,0,0,0,0,0,0,0
"909","Coleoptera","HYDRAENIDAE","HYDRAENINAE","Hydraena paganettii Lv.",0,0,0,0,0,0,0,10,0,0
"910","Coleoptera","HYDRAENIDAE","HYDRAENINAE","Hydraena palustris Ad.",10,0,0,0,0,0,0,0,0,0
"911","Coleoptera","HYDRAENIDAE","HYDRAENINAE","Hydraena palustris Lv.",0,0,0,0,0,0,0,10,0,0
"912","Coleoptera","HYDRAENIDAE","HYDRAENINAE","Hydraena polita Ad.",10,0,0,0,0,0,0,0,0,0
"913","Coleoptera","HYDRAENIDAE","HYDRAENINAE","Hydraena polita Lv.",0,0,0,0,0,0,0,10,0,0
"914","Coleoptera","HYDRAENIDAE","HYDRAENINAE","Hydraena pulchella Ad.",10,0,0,0,0,0,0,0,0,0
"915","Coleoptera","HYDRAENIDAE","HYDRAENINAE","Hydraena pulchella Lv.",0,0,0,0,0,0,0,10,0,0
"916","Coleoptera","HYDRAENIDAE","HYDRAENINAE","Hydraena pygmaea Ad.",10,0,0,0,0,0,0,0,0,0
"917","Coleoptera","HYDRAENIDAE","HYDRAENINAE","Hydraena pygmaea Lv.",0,0,0,0,0,0,0,10,0,0
"918","Coleoptera","HYDRAENIDAE","HYDRAENINAE","Hydraena reyi Ad.",10,0,0,0,0,0,0,0,0,0
"919","Coleoptera","HYDRAENIDAE","HYDRAENINAE","Hydraena reyi Lv.",0,0,0,0,0,0,0,10,0,0
"920","Coleoptera","HYDRAENIDAE","HYDRAENINAE","Hydraena riparia Ad.",10,0,0,0,0,0,0,0,0,0
"921","Coleoptera","HYDRAENIDAE","HYDRAENINAE","Hydraena riparia Lv.",0,0,0,0,0,0,0,10,0,0
"922","Coleoptera","HYDRAENIDAE","HYDRAENINAE","Hydraena rufipes Ad.",10,0,0,0,0,0,0,0,0,0
"923","Coleoptera","HYDRAENIDAE","HYDRAENINAE","Hydraena rufipes Lv.",0,0,0,0,0,0,0,10,0,0
"924","Coleoptera","HYDRAENIDAE","HYDRAENINAE","Hydraena saga Ad.",10,0,0,0,0,0,0,0,0,0
"925","Coleoptera","HYDRAENIDAE","HYDRAENINAE","Hydraena saga Lv.",0,0,0,0,0,0,0,10,0,0
"926","Coleoptera","HYDRAENIDAE","HYDRAENINAE","Hydraena schuleri Ad.",10,0,0,0,0,0,0,0,0,0
"927","Coleoptera","HYDRAENIDAE","HYDRAENINAE","Hydraena schuleri Lv.",0,0,0,0,0,0,0,10,0,0
"928","Coleoptera","HYDRAENIDAE","HYDRAENINAE","Hydraena subimpressa Ad.",7,0,0,0,0,0,0,0,0,3
"929","Coleoptera","HYDRAENIDAE","HYDRAENINAE","Hydraena subimpressa Lv.",7,0,0,0,0,0,0,0,0,3
"930","Coleoptera","HYDRAENIDAE","HYDRAENINAE","Hydraena subjuncta Ad.",10,0,0,0,0,0,0,0,0,0
"931","Coleoptera","HYDRAENIDAE","HYDRAENINAE","Hydraena subjuncta Lv.",0,0,0,0,0,0,0,10,0,0
"932","Coleoptera","HYDRAENIDAE","HYDRAENINAE","Hydraena testacea Ad.",4,0,0,4,2,0,0,0,0,0
"933","Coleoptera","HYDRAENIDAE","HYDRAENINAE","Hydraena truncata Ad.",10,0,0,0,0,0,0,0,0,0
"934","Coleoptera","HYDRAENIDAE","HYDRAENINAE","Hydraena truncata Lv.",0,0,0,0,0,0,0,10,0,0
"935","Coleoptera","HYDRAENIDAE","HYDRAENINAE","Ochthebius auriculatus Ad.",3,0,0,3,4,0,0,0,0,0
"936","Coleoptera","HYDRAENIDAE","HYDRAENINAE","Ochthebius bicolon Ad.",10,0,0,0,0,0,0,0,0,0
"937","Coleoptera","HYDRAENIDAE","HYDRAENINAE","Ochthebius colveranus Ad.",10,0,0,0,0,0,0,0,0,0
"938","Coleoptera","HYDRAENIDAE","HYDRAENINAE","Ochthebius colveranus Lv.",10,0,0,0,0,0,0,0,0,0
"939","Coleoptera","HYDRAENIDAE","HYDRAENINAE","Ochthebius crenulatus Ad.",10,0,0,0,0,0,0,0,0,0
"940","Coleoptera","HYDRAENIDAE","HYDRAENINAE","Ochthebius dilatatus Ad.",3,0,0,3,4,0,0,0,0,0
"941","Coleoptera","HYDRAENIDAE","HYDRAENINAE","Ochthebius exsculptus Ad.",10,0,0,0,0,0,0,0,0,0
"942","Coleoptera","HYDRAENIDAE","HYDRAENINAE","Ochthebius exsculptus Lv.",10,0,0,0,0,0,0,0,0,0
"943","Coleoptera","HYDRAENIDAE","HYDRAENINAE","Ochthebius flavipes Ad.",10,0,0,0,0,0,0,0,0,0
"944","Coleoptera","HYDRAENIDAE","HYDRAENINAE","Ochthebius foveolatus Ad.",10,0,0,0,0,0,0,0,0,0
"945","Coleoptera","HYDRAENIDAE","HYDRAENINAE","Ochthebius gibbosus Ad.",10,0,0,0,0,0,0,0,0,0
"946","Coleoptera","HYDRAENIDAE","HYDRAENINAE","Ochthebius gibbosus Lv.",10,0,0,0,0,0,0,0,0,0
"947","Coleoptera","HYDRAENIDAE","HYDRAENINAE","Ochthebius granulatus Ad.",10,0,0,0,0,0,0,0,0,0
"948","Coleoptera","HYDRAENIDAE","HYDRAENINAE","Ochthebius granulatus Lv.",10,0,0,0,0,0,0,0,0,0
"949","Coleoptera","HYDRAENIDAE","HYDRAENINAE","Ochthebius haberfelneri Ad.",10,0,0,0,0,0,0,0,0,0
"950","Coleoptera","HYDRAENIDAE","HYDRAENINAE","Ochthebius lividipennis Ad.",10,0,0,0,0,0,0,0,0,0
"951","Coleoptera","HYDRAENIDAE","HYDRAENINAE","Ochthebius marinus Ad.",3,0,0,3,4,0,0,0,0,0
"952","Coleoptera","HYDRAENIDAE","HYDRAENINAE","Ochthebius melanescens Ad.",10,0,0,0,0,0,0,0,0,0
"953","Coleoptera","HYDRAENIDAE","HYDRAENINAE","Ochthebius melanescens Lv.",10,0,0,0,0,0,0,0,0,0
"954","Coleoptera","HYDRAENIDAE","HYDRAENINAE","Ochthebius meridionalis Ad.",10,0,0,0,0,0,0,0,0,0
"955","Coleoptera","HYDRAENIDAE","HYDRAENINAE","Ochthebius meridionalis Lv.",10,0,0,0,0,0,0,0,0,0
"956","Coleoptera","HYDRAENIDAE","HYDRAENINAE","Ochthebius metallescens Ad.",10,0,0,0,0,0,0,0,0,0
"957","Coleoptera","HYDRAENIDAE","HYDRAENINAE","Ochthebius metallescens Lv.",10,0,0,0,0,0,0,0,0,0
"958","Coleoptera","HYDRAENIDAE","HYDRAENINAE","Ochthebius minimus Ad.",10,0,0,0,0,0,0,0,0,0
"959","Coleoptera","HYDRAENIDAE","HYDRAENINAE","Ochthebius nanus Ad.",3,0,0,3,4,0,0,0,0,0
"960","Coleoptera","HYDRAENIDAE","HYDRAENINAE","Ochthebius narentinus Ad.",10,0,0,0,0,0,0,0,0,0
"961","Coleoptera","HYDRAENIDAE","HYDRAENINAE","Ochthebius nobilis Ad.",10,0,0,0,0,0,0,0,0,0
"962","Coleoptera","HYDRAENIDAE","HYDRAENINAE","Ochthebius pedicularius Ad.",10,0,0,0,0,0,0,0,0,0
"963","Coleoptera","HYDRAENIDAE","HYDRAENINAE","Ochthebius peisonis Ad.",10,0,0,0,0,0,0,0,0,0
"964","Coleoptera","HYDRAENIDAE","HYDRAENINAE","Ochthebius peregrinus Ad.",10,0,0,0,0,0,0,0,0,0
"965","Coleoptera","HYDRAENIDAE","HYDRAENINAE","Ochthebius perkinsi Ad.",10,0,0,0,0,0,0,0,0,0
"966","Coleoptera","HYDRAENIDAE","HYDRAENINAE","Ochthebius punctatus Ad.",3,0,0,3,4,0,0,0,0,0
"967","Coleoptera","HYDRAENIDAE","HYDRAENINAE","Ochthebius pusillus Ad.",10,0,0,0,0,0,0,0,0,0
"968","Coleoptera","HYDRAENIDAE","HYDRAENINAE","Ochthebius pusillus Lv.",10,0,0,0,0,0,0,0,0,0
"969","Coleoptera","HYDRAENIDAE","HYDRAENINAE","Ochthebius rugulosus Ad.",10,0,0,0,0,0,0,0,0,0
"970","Coleoptera","HYDRAENIDAE","HYDRAENINAE","Ochthebius sidanus Ad.",10,0,0,0,0,0,0,0,0,0
"971","Coleoptera","HYDRAENIDAE","HYDRAENINAE","Ochthebius thermalis Ad.",10,0,0,0,0,0,0,0,0,0
"972","Coleoptera","HYDRAENIDAE","HYDRAENINAE","Ochthebius viridis Ad.",10,0,0,0,0,0,0,0,0,0
"973","Coleoptera","HYDRAENIDAE","LIMNEBIINAE","Limnebius aluta Ad.",10,0,0,0,0,0,0,0,0,0
"974","Coleoptera","HYDRAENIDAE","LIMNEBIINAE","Limnebius aluta Lv.",10,0,0,0,0,0,0,0,0,0
"975","Coleoptera","HYDRAENIDAE","LIMNEBIINAE","Limnebius atomus Ad.",10,0,0,0,0,0,0,0,0,0
"976","Coleoptera","HYDRAENIDAE","LIMNEBIINAE","Limnebius atomus Lv.",10,0,0,0,0,0,0,0,0,0
"977","Coleoptera","HYDRAENIDAE","LIMNEBIINAE","Limnebius crinifer Ad.",10,0,0,0,0,0,0,0,0,0
"978","Coleoptera","HYDRAENIDAE","LIMNEBIINAE","Limnebius crinifer Lv.",10,0,0,0,0,0,0,0,0,0
"979","Coleoptera","HYDRAENIDAE","LIMNEBIINAE","Limnebius myrmidon Ad.",10,0,0,0,0,0,0,0,0,0
"980","Coleoptera","HYDRAENIDAE","LIMNEBIINAE","Limnebius nitidus Ad.",10,0,0,0,0,0,0,0,0,0
"981","Coleoptera","HYDRAENIDAE","LIMNEBIINAE","Limnebius nitidus Lv.",10,0,0,0,0,0,0,0,0,0
"982","Coleoptera","HYDRAENIDAE","LIMNEBIINAE","Limnebius papposus Ad.",10,0,0,0,0,0,0,0,0,0
"983","Coleoptera","HYDRAENIDAE","LIMNEBIINAE","Limnebius parvulus Ad.",5,0,0,5,0,0,0,0,0,0
"984","Coleoptera","HYDRAENIDAE","LIMNEBIINAE","Limnebius stagnalis Ad.",10,0,0,0,0,0,0,0,0,0
"985","Coleoptera","HYDRAENIDAE","LIMNEBIINAE","Limnebius truncatellus Ad.",10,0,0,0,0,0,0,0,0,0
"986","Coleoptera","HYDRAENIDAE","LIMNEBIINAE","Limnebius truncatellus Lv.",10,0,0,0,0,0,0,0,0,0
"987","Coleoptera","HYDROCHIDAE","[Fam:HYDROCHIDAE]","Hydrochus angustatus Ad.",0,0,0,10,0,0,0,0,0,0
"988","Coleoptera","HYDROCHIDAE","[Fam:HYDROCHIDAE]","Hydrochus brevis Ad.",0,0,0,10,0,0,0,0,0,0
"989","Coleoptera","HYDROCHIDAE","[Fam:HYDROCHIDAE]","Hydrochus carinatus Ad.",3,0,0,4,3,0,0,0,0,0
"990","Coleoptera","HYDROCHIDAE","[Fam:HYDROCHIDAE]","Hydrochus elongatus Ad.",3,0,0,4,3,0,0,0,0,0
"991","Coleoptera","HYDROCHIDAE","[Fam:HYDROCHIDAE]","Hydrochus ignicollis Ad.",0,0,0,10,0,0,0,0,0,0
"992","Coleoptera","HYDROCHIDAE","[Fam:HYDROCHIDAE]","Hydrochus megaphallus Ad.",3,0,0,4,3,0,0,0,0,0
"993","Coleoptera","HYDROPHILIDAE","HYDROPHILINAE","Anacaena bipustulata Ad.",5,0,0,5,0,0,0,0,0,0
"994","Coleoptera","HYDROPHILIDAE","HYDROPHILINAE","Anacaena bipustulata Lv.",0,0,0,0,0,0,0,10,0,0
"995","Coleoptera","HYDROPHILIDAE","HYDROPHILINAE","Anacaena globulus Ad.",3,0,0,2,3,0,0,2,0,0
"996","Coleoptera","HYDROPHILIDAE","HYDROPHILINAE","Anacaena globulus Lv.",0,0,0,0,0,0,0,10,0,0
"997","Coleoptera","HYDROPHILIDAE","HYDROPHILINAE","Anacaena limbata Ad.",3,0,0,2,3,0,0,2,0,0
"998","Coleoptera","HYDROPHILIDAE","HYDROPHILINAE","Anacaena limbata Lv.",0,0,0,0,0,0,0,10,0,0
"999","Coleoptera","HYDROPHILIDAE","HYDROPHILINAE","Anacaena lutescens Ad.",3,0,0,2,3,0,0,2,0,0
"1000","Coleoptera","HYDROPHILIDAE","HYDROPHILINAE","Anacaena lutescens Lv.",0,0,0,0,0,0,0,10,0,0
"1001","Coleoptera","HYDROPHILIDAE","HYDROPHILINAE","Berosus affinis Ad.",0,0,0,0,5,0,0,5,0,0
"1002","Coleoptera","HYDROPHILIDAE","HYDROPHILINAE","Berosus affinis Lv.",0,0,0,0,0,0,0,10,0,0
"1003","Coleoptera","HYDROPHILIDAE","HYDROPHILINAE","Berosus frontifoveatus Lv.",0,0,0,0,0,0,0,10,0,0
"1004","Coleoptera","HYDROPHILIDAE","HYDROPHILINAE","Berosus fulvus Lv.",0,0,0,0,0,0,0,10,0,0
"1005","Coleoptera","HYDROPHILIDAE","HYDROPHILINAE","Berosus geminus Lv.",0,0,0,0,0,0,0,10,0,0
"1006","Coleoptera","HYDROPHILIDAE","HYDROPHILINAE","Berosus hispanicus Lv.",0,0,0,0,0,0,0,10,0,0
"1007","Coleoptera","HYDROPHILIDAE","HYDROPHILINAE","Berosus luridus Ad.",3,0,0,2,3,0,0,2,0,0
"1008","Coleoptera","HYDROPHILIDAE","HYDROPHILINAE","Berosus luridus Lv.",0,0,0,0,0,0,0,10,0,0
"1009","Coleoptera","HYDROPHILIDAE","HYDROPHILINAE","Berosus signaticollis Ad.",3,0,0,2,3,0,0,2,0,0
"1010","Coleoptera","HYDROPHILIDAE","HYDROPHILINAE","Berosus signaticollis Lv.",0,0,0,0,0,0,0,10,0,0
"1011","Coleoptera","HYDROPHILIDAE","HYDROPHILINAE","Berosus spinosus Ad.",0,0,0,0,5,0,0,5,0,0
"1012","Coleoptera","HYDROPHILIDAE","HYDROPHILINAE","Berosus spinosus Lv.",0,0,0,0,0,0,0,10,0,0
"1013","Coleoptera","HYDROPHILIDAE","HYDROPHILINAE","Chaetarthria seminulum Ad.",0,0,0,0,10,0,0,0,0,0
"1014","Coleoptera","HYDROPHILIDAE","HYDROPHILINAE","Crenitis punctatostriata Ad.",2,0,0,3,3,0,0,2,0,0
"1015","Coleoptera","HYDROPHILIDAE","HYDROPHILINAE","Crenitis punctatostriata Lv.",2,0,0,3,3,0,0,2,0,0
"1016","Coleoptera","HYDROPHILIDAE","HYDROPHILINAE","Cymbiodyta marginella Ad.",0,0,0,0,10,0,0,0,0,0
"1017","Coleoptera","HYDROPHILIDAE","HYDROPHILINAE","Cymbiodyta marginella Lv.",0,0,0,0,0,0,0,10,0,0
"1018","Coleoptera","HYDROPHILIDAE","HYDROPHILINAE","Enochrus affinis Ad.",3,0,0,1,3,0,0,3,0,0
"1019","Coleoptera","HYDROPHILIDAE","HYDROPHILINAE","Enochrus affinis Lv.",0,0,0,0,0,0,0,10,0,0
"1020","Coleoptera","HYDROPHILIDAE","HYDROPHILINAE","Enochrus ater Lv.",0,0,0,0,0,0,0,10,0,0
"1021","Coleoptera","HYDROPHILIDAE","HYDROPHILINAE","Enochrus bicolor Ad.",0,0,0,5,0,0,0,5,0,0
"1022","Coleoptera","HYDROPHILIDAE","HYDROPHILINAE","Enochrus bicolor Lv.",0,0,0,0,0,0,0,10,0,0
"1023","Coleoptera","HYDROPHILIDAE","HYDROPHILINAE","Enochrus coarctatus Ad.",3,0,0,1,3,0,0,3,0,0
"1024","Coleoptera","HYDROPHILIDAE","HYDROPHILINAE","Enochrus coarctatus Lv.",0,0,0,0,0,0,0,10,0,0
"1025","Coleoptera","HYDROPHILIDAE","HYDROPHILINAE","Enochrus fuscipennis Lv.",0,0,0,0,0,0,0,10,0,0
"1026","Coleoptera","HYDROPHILIDAE","HYDROPHILINAE","Enochrus halophilus Ad.",0,0,0,0,0,0,0,10,0,0
"1027","Coleoptera","HYDROPHILIDAE","HYDROPHILINAE","Enochrus hamifer Lv.",0,0,0,0,0,0,0,10,0,0
"1028","Coleoptera","HYDROPHILIDAE","HYDROPHILINAE","Enochrus melanocephalus Ad.",3,0,0,1,3,0,0,3,0,0
"1029","Coleoptera","HYDROPHILIDAE","HYDROPHILINAE","Enochrus melanocephalus Lv.",0,0,0,0,0,0,0,10,0,0
"1030","Coleoptera","HYDROPHILIDAE","HYDROPHILINAE","Enochrus ochropterus Ad.",3,0,0,1,3,0,0,3,0,0
"1031","Coleoptera","HYDROPHILIDAE","HYDROPHILINAE","Enochrus ochropterus Lv.",0,0,0,0,0,0,0,10,0,0
"1032","Coleoptera","HYDROPHILIDAE","HYDROPHILINAE","Enochrus quadripunctatus Ad.",3,0,0,1,3,0,0,3,0,0
"1033","Coleoptera","HYDROPHILIDAE","HYDROPHILINAE","Enochrus quadripunctatus Lv.",0,0,0,0,0,0,0,10,0,0
"1034","Coleoptera","HYDROPHILIDAE","HYDROPHILINAE","Enochrus testaceus Ad.",3,0,0,1,3,0,0,3,0,0
"1035","Coleoptera","HYDROPHILIDAE","HYDROPHILINAE","Enochrus testaceus Lv.",0,0,0,0,0,0,0,10,0,0
"1036","Coleoptera","HYDROPHILIDAE","HYDROPHILINAE","Helochares lividus Ad.",3,0,0,1,3,0,0,3,0,0
"1037","Coleoptera","HYDROPHILIDAE","HYDROPHILINAE","Helochares lividus Lv.",0,0,0,0,0,0,0,10,0,0
"1038","Coleoptera","HYDROPHILIDAE","HYDROPHILINAE","Helochares obscurus Ad.",3,0,0,0,2,0,0,5,0,0
"1039","Coleoptera","HYDROPHILIDAE","HYDROPHILINAE","Helochares obscurus Lv.",0,0,0,0,0,0,0,10,0,0
"1040","Coleoptera","HYDROPHILIDAE","HYDROPHILINAE","Helochares punctatus Ad.",0,0,0,5,5,0,0,0,0,0
"1041","Coleoptera","HYDROPHILIDAE","HYDROPHILINAE","Hydrobius fuscipes Ad.",3,0,0,0,3,0,0,4,0,0
"1042","Coleoptera","HYDROPHILIDAE","HYDROPHILINAE","Hydrobius fuscipes Lv.",0,0,0,0,0,0,0,10,0,0
"1043","Coleoptera","HYDROPHILIDAE","HYDROPHILINAE","Hydrochara caraboides Ad.",3,0,0,3,1,0,0,3,0,0
"1044","Coleoptera","HYDROPHILIDAE","HYDROPHILINAE","Hydrochara caraboides Lv.",0,0,0,0,0,0,0,10,0,0
"1045","Coleoptera","HYDROPHILIDAE","HYDROPHILINAE","Hydrochara flavipes Lv.",0,0,0,0,0,0,0,10,0,0
"1046","Coleoptera","HYDROPHILIDAE","HYDROPHILINAE","Hydrophilus aterrimus Ad.",2,0,0,2,2,0,0,4,0,0
"1047","Coleoptera","HYDROPHILIDAE","HYDROPHILINAE","Hydrophilus aterrimus Lv.",0,0,0,0,0,0,0,10,0,0
"1048","Coleoptera","HYDROPHILIDAE","HYDROPHILINAE","Hydrophilus piceus Ad.",2,0,0,2,3,0,0,3,0,0
"1049","Coleoptera","HYDROPHILIDAE","HYDROPHILINAE","Hydrophilus piceus Lv.",0,0,0,0,0,0,0,10,0,0
"1050","Coleoptera","HYDROPHILIDAE","HYDROPHILINAE","Laccobius albipes Lv.",0,0,0,0,0,0,0,10,0,0
"1051","Coleoptera","HYDROPHILIDAE","HYDROPHILINAE","Laccobius alternus Ad.",3,0,0,1,3,0,0,3,0,0
"1052","Coleoptera","HYDROPHILIDAE","HYDROPHILINAE","Laccobius alternus Lv.",0,0,0,0,0,0,0,10,0,0
"1053","Coleoptera","HYDROPHILIDAE","HYDROPHILINAE","Laccobius atratus Ad.",0,0,0,0,0,0,0,10,0,0
"1054","Coleoptera","HYDROPHILIDAE","HYDROPHILINAE","Laccobius atrocephalus Ad.",0,0,0,0,0,0,0,10,0,0
"1055","Coleoptera","HYDROPHILIDAE","HYDROPHILINAE","Laccobius bipunctatus Ad.",3,0,0,1,3,0,0,3,0,0
"1056","Coleoptera","HYDROPHILIDAE","HYDROPHILINAE","Laccobius bipunctatus Lv.",0,0,0,0,0,0,0,10,0,0
"1057","Coleoptera","HYDROPHILIDAE","HYDROPHILINAE","Laccobius colon Ad.",3,0,0,1,3,0,0,3,0,0
"1058","Coleoptera","HYDROPHILIDAE","HYDROPHILINAE","Laccobius colon Lv.",0,0,0,0,0,0,0,10,0,0
"1059","Coleoptera","HYDROPHILIDAE","HYDROPHILINAE","Laccobius gracilis Ad.",3,0,0,1,3,0,0,3,0,0
"1060","Coleoptera","HYDROPHILIDAE","HYDROPHILINAE","Laccobius gracilis Lv.",0,0,0,0,0,0,0,10,0,0
"1061","Coleoptera","HYDROPHILIDAE","HYDROPHILINAE","Laccobius minutus Ad.",3,0,0,1,3,0,0,3,0,0
"1062","Coleoptera","HYDROPHILIDAE","HYDROPHILINAE","Laccobius minutus Lv.",0,0,0,0,0,0,0,10,0,0
"1063","Coleoptera","HYDROPHILIDAE","HYDROPHILINAE","Laccobius neapolitanus Ad.",3,0,0,1,3,0,0,3,0,0
"1064","Coleoptera","HYDROPHILIDAE","HYDROPHILINAE","Laccobius neapolitanus Lv.",0,0,0,0,0,0,0,10,0,0
"1065","Coleoptera","HYDROPHILIDAE","HYDROPHILINAE","Laccobius obscuratus Ad.",3,0,0,1,3,0,0,3,0,0
"1066","Coleoptera","HYDROPHILIDAE","HYDROPHILINAE","Laccobius obscuratus Lv.",0,0,0,0,0,0,0,10,0,0
"1067","Coleoptera","HYDROPHILIDAE","HYDROPHILINAE","Laccobius simulator Lv.",0,0,0,0,0,0,0,10,0,0
"1068","Coleoptera","HYDROPHILIDAE","HYDROPHILINAE","Laccobius sinuatus binaghii Ad.",3,0,0,1,3,0,0,3,0,0
"1069","Coleoptera","HYDROPHILIDAE","HYDROPHILINAE","Laccobius sinuatus binaghii Lv.",0,0,0,0,0,0,0,10,0,0
"1070","Coleoptera","HYDROPHILIDAE","HYDROPHILINAE","Laccobius sinuatus sinuatus Ad.",3,0,0,1,3,0,0,3,0,0
"1071","Coleoptera","HYDROPHILIDAE","HYDROPHILINAE","Laccobius sinuatus sinuatus Lv.",0,0,0,0,0,0,0,10,0,0
"1072","Coleoptera","HYDROPHILIDAE","HYDROPHILINAE","Laccobius striatulus Ad.",3,0,0,1,3,0,0,3,0,0
"1073","Coleoptera","HYDROPHILIDAE","HYDROPHILINAE","Laccobius striatulus Lv.",0,0,0,0,0,0,0,10,0,0
"1074","Coleoptera","HYDROPHILIDAE","HYDROPHILINAE","Laccobius syriacus Lv.",0,0,0,0,0,0,0,10,0,0
"1075","Coleoptera","HYDROPHILIDAE","HYDROPHILINAE","Laccobius varius Lv.",0,0,0,0,0,0,0,10,0,0
"1076","Coleoptera","HYDROPHILIDAE","HYDROPHILINAE","Limnoxenus niger Ad.",4,0,0,4,0,0,0,2,0,0
"1077","Coleoptera","HYDROPHILIDAE","HYDROPHILINAE","Limnoxenus niger Lv.",0,0,0,0,0,0,0,10,0,0
"1078","Coleoptera","HYDROPHILIDAE","HYDROPHILINAE","Paracymus aeneus Ad.",0,0,0,0,0,0,0,10,0,0
"1079","Coleoptera","HYDROPHILIDAE","HYDROPHILINAE","Paracymus scutellaris Ad.",0,0,0,0,0,0,0,10,0,0
"1080","Coleoptera","HYDROPHILIDAE","SPHAERIDIINAE","Cercyon analis Ad.",0,0,0,3,0,0,0,0,0,7
"1081","Coleoptera","HYDROPHILIDAE","SPHAERIDIINAE","Cercyon bifenestratus Ad.",0,0,0,0,0,0,0,0,0,10
"1082","Coleoptera","HYDROPHILIDAE","SPHAERIDIINAE","Cercyon convexiusculus Ad.",0,0,0,3,0,0,0,0,0,7
"1083","Coleoptera","HYDROPHILIDAE","SPHAERIDIINAE","Cercyon tristis Ad.",0,0,0,0,0,0,0,0,0,10
"1084","Coleoptera","HYDROPHILIDAE","SPHAERIDIINAE","Coelostoma orbiculare Ad.",2,0,0,3,3,0,0,2,0,0
"1085","Coleoptera","HYDROPHILIDAE","SPHAERIDIINAE","Coelostoma orbiculare Lv.",0,0,0,0,0,0,0,10,0,0
"1086","Coleoptera","HYGROBIIDAE","[Fam:HYGROBIIDAE]","Hygrobia hermanni Ad.",0,0,0,0,0,0,0,10,0,0
"1087","Coleoptera","HYGROBIIDAE","[Fam:HYGROBIIDAE]","Hygrobia hermanni Lv.",0,0,0,0,0,0,0,10,0,0
"1088","Coleoptera","NOTERIDAE","[Fam:NOTERIDAE]","Noterus clavicornis Ad.",0,0,0,0,0,0,0,10,0,0
"1089","Coleoptera","NOTERIDAE","[Fam:NOTERIDAE]","Noterus clavicornis Lv.",0,0,0,0,0,0,0,10,0,0
"1090","Coleoptera","NOTERIDAE","[Fam:NOTERIDAE]","Noterus crassicornis Ad.",0,0,0,0,0,0,0,10,0,0
"1091","Coleoptera","NOTERIDAE","[Fam:NOTERIDAE]","Noterus crassicornis Lv.",0,0,0,0,0,0,0,10,0,0
"1092","Coleoptera","SCIRTIDAE","[Fam:SCIRTIDAE]","Elodes elongatus Lv.",0,0,0,0,10,0,0,0,0,0
"1093","Coleoptera","SCIRTIDAE","[Fam:SCIRTIDAE]","Elodes johni Lv.",0,0,0,0,10,0,0,0,0,0
"1094","Coleoptera","SCIRTIDAE","[Fam:SCIRTIDAE]","Elodes minuta Ad.",0,0,0,10,0,0,0,0,0,0
"1095","Coleoptera","SCIRTIDAE","[Fam:SCIRTIDAE]","Elodes minutus Lv.",0,0,0,0,10,0,0,0,0,0
"1096","Coleoptera","SCIRTIDAE","[Fam:SCIRTIDAE]","Elodes pseudominutus Lv.",0,0,0,0,10,0,0,0,0,0
"1097","Coleoptera","SCIRTIDAE","[Fam:SCIRTIDAE]","Hydrocyphon deflexicollis Lv.",0,0,0,0,10,0,0,0,0,0
"1098","Coleoptera","SCIRTIDAE","[Fam:SCIRTIDAE]","Microcara testacea Lv.",0,0,0,0,10,0,0,0,0,0
"1099","Coleoptera","SPERCHEIDAE","[Fam:SPERCHEIDAE]","Spercheus emarginatus Ad.",0,0,0,0,0,10,0,0,0,0
"1100","Coleoptera","SPERCHEIDAE","[Fam:SPERCHEIDAE]","Spercheus emarginatus Lv.",0,0,0,0,0,2,0,8,0,0
"1101","Diptera (excl. Chironomidae)","ATHERICIDAE","[Fam:ATHERICIDAE]","Atherix ibis",0,0,0,0,0,0,0,10,0,0
"1102","Diptera (excl. Chironomidae)","ATHERICIDAE","[Fam:ATHERICIDAE]","Atrichops crassipes",0,0,0,0,0,0,0,10,0,0
"1103","Diptera (excl. Chironomidae)","ATHERICIDAE","[Fam:ATHERICIDAE]","Ibisia marginata",0,0,0,0,0,0,0,10,0,0
"1104","Diptera (excl. Chironomidae)","BLEPHARICERIDAE","BLEPHARICERINAE-Tribus Blepharicerini","Blepharicera fasciata fasciata",10,0,0,0,0,0,0,0,0,0
"1105","Diptera (excl. Chironomidae)","BLEPHARICERIDAE","BLEPHARICERINAE-Tribus Blepharicerini","Blepharicera fasciata gynops",10,0,0,0,0,0,0,0,0,0
"1106","Diptera (excl. Chironomidae)","BLEPHARICERIDAE","BLEPHARICERINAE-Tribus Blepharicerini","Hapalothrix lugubris",10,0,0,0,0,0,0,0,0,0
"1107","Diptera (excl. Chironomidae)","BLEPHARICERIDAE","BLEPHARICERINAE-Tribus Blepharicerini","Liponeura bilobata",10,0,0,0,0,0,0,0,0,0
"1108","Diptera (excl. Chironomidae)","BLEPHARICERIDAE","BLEPHARICERINAE-Tribus Blepharicerini","Liponeura brevirostris",10,0,0,0,0,0,0,0,0,0
"1109","Diptera (excl. Chironomidae)","BLEPHARICERIDAE","BLEPHARICERINAE-Tribus Blepharicerini","Liponeura cinerascens cinerascens",10,0,0,0,0,0,0,0,0,0
"1110","Diptera (excl. Chironomidae)","BLEPHARICERIDAE","BLEPHARICERINAE-Tribus Blepharicerini","Liponeura cinerascens minor",10,0,0,0,0,0,0,0,0,0
"1111","Diptera (excl. Chironomidae)","BLEPHARICERIDAE","BLEPHARICERINAE-Tribus Blepharicerini","Liponeura cordata",10,0,0,0,0,0,0,0,0,0
"1112","Diptera (excl. Chironomidae)","BLEPHARICERIDAE","BLEPHARICERINAE-Tribus Blepharicerini","Liponeura decipiens",10,0,0,0,0,0,0,0,0,0
"1113","Diptera (excl. Chironomidae)","BLEPHARICERIDAE","BLEPHARICERINAE-Tribus Blepharicerini","Liponeura discophora",10,0,0,0,0,0,0,0,0,0
"1114","Diptera (excl. Chironomidae)","BLEPHARICERIDAE","BLEPHARICERINAE-Tribus Blepharicerini","Liponeura komareki",10,0,0,0,0,0,0,0,0,0
"1115","Diptera (excl. Chironomidae)","BLEPHARICERIDAE","BLEPHARICERINAE-Tribus Blepharicerini","Liponeura vimmeri",10,0,0,0,0,0,0,0,0,0
"1116","Diptera (excl. Chironomidae)","CHAOBORIDAE","[Fam:CHAOBORIDAE]","Chaoborus crystallinus",0,0,0,0,0,0,0,10,0,0
"1117","Diptera (excl. Chironomidae)","CHAOBORIDAE","[Fam:CHAOBORIDAE]","Chaoborus flavicans",0,0,0,0,0,0,0,10,0,0
"1118","Diptera (excl. Chironomidae)","CHAOBORIDAE","[Fam:CHAOBORIDAE]","Chaoborus nyblaei",0,0,0,0,0,0,0,10,0,0
"1119","Diptera (excl. Chironomidae)","CHAOBORIDAE","[Fam:CHAOBORIDAE]","Chaoborus obscuripes",0,0,0,0,0,0,0,10,0,0
"1120","Diptera (excl. Chironomidae)","CHAOBORIDAE","[Fam:CHAOBORIDAE]","Chaoborus pallidus",0,0,0,0,0,0,0,10,0,0
"1121","Diptera (excl. Chironomidae)","CHAOBORIDAE","[Fam:CHAOBORIDAE]","Mochlonyx fuliginosus",0,0,0,0,0,0,0,10,0,0
"1122","Diptera (excl. Chironomidae)","CHAOBORIDAE","[Fam:CHAOBORIDAE]","Mochlonyx triangularis",0,0,0,0,0,0,0,10,0,0
"1123","Diptera (excl. Chironomidae)","CHAOBORIDAE","[Fam:CHAOBORIDAE]","Mochlonyx velutinus",0,0,0,0,0,0,0,10,0,0
"1124","Diptera (excl. Chironomidae)","CULICIDAE","ANOPHELINAE","Anopheles algeriensis",10,0,0,0,0,0,0,0,0,0
"1125","Diptera (excl. Chironomidae)","CULICIDAE","ANOPHELINAE","Anopheles atroparvus",10,0,0,0,0,0,0,0,0,0
"1126","Diptera (excl. Chironomidae)","CULICIDAE","ANOPHELINAE","Anopheles claviger",10,0,0,0,0,0,0,0,0,0
"1127","Diptera (excl. Chironomidae)","CULICIDAE","ANOPHELINAE","Anopheles hyrcanus",0,0,0,0,0,0,0,10,0,0
"1128","Diptera (excl. Chironomidae)","CULICIDAE","ANOPHELINAE","Anopheles labranchiae",0,0,0,0,0,0,0,10,0,0
"1129","Diptera (excl. Chironomidae)","CULICIDAE","ANOPHELINAE","Anopheles maculipennis",10,0,0,0,0,0,0,0,0,0
"1130","Diptera (excl. Chironomidae)","CULICIDAE","ANOPHELINAE","Anopheles messeae",10,0,0,0,0,0,0,0,0,0
"1131","Diptera (excl. Chironomidae)","CULICIDAE","ANOPHELINAE","Anopheles plumbeus",10,0,0,0,0,0,0,0,0,0
"1132","Diptera (excl. Chironomidae)","CULICIDAE","CULICINAE","Aedes cinereus",0,0,0,0,0,10,0,0,0,0
"1133","Diptera (excl. Chironomidae)","CULICIDAE","CULICINAE","Aedes geminus",0,0,0,0,0,0,0,10,0,0
"1134","Diptera (excl. Chironomidae)","CULICIDAE","CULICINAE","Aedes rossicus",0,0,0,0,0,10,0,0,0,0
"1135","Diptera (excl. Chironomidae)","CULICIDAE","CULICINAE","Aedes sticticus",0,0,0,0,0,10,0,0,0,0
"1136","Diptera (excl. Chironomidae)","CULICIDAE","CULICINAE","Aedes vexans",0,0,0,0,0,10,0,0,0,0
"1137","Diptera (excl. Chironomidae)","CULICIDAE","CULICINAE","Coquillettidia richiardii",0,0,0,0,0,10,0,0,0,0
"1138","Diptera (excl. Chironomidae)","CULICIDAE","CULICINAE","Culex hortensis",0,0,0,0,0,10,0,0,0,0
"1139","Diptera (excl. Chironomidae)","CULICIDAE","CULICINAE","Culex martinii",0,0,0,0,0,10,0,0,0,0
"1140","Diptera (excl. Chironomidae)","CULICIDAE","CULICINAE","Culex mimeticus",0,0,0,0,0,0,0,10,0,0
"1141","Diptera (excl. Chironomidae)","CULICIDAE","CULICINAE","Culex modestus",0,0,0,0,0,10,0,0,0,0
"1142","Diptera (excl. Chironomidae)","CULICIDAE","CULICINAE","Culex pipiens",0,0,0,0,0,10,0,0,0,0
"1143","Diptera (excl. Chironomidae)","CULICIDAE","CULICINAE","Culex pipiens biotype molestus",0,0,0,0,0,10,0,0,0,0
"1144","Diptera (excl. Chironomidae)","CULICIDAE","CULICINAE","Culex territans",0,0,0,0,0,10,0,0,0,0
"1145","Diptera (excl. Chironomidae)","CULICIDAE","CULICINAE","Culex theileri",0,0,0,0,0,0,0,10,0,0
"1146","Diptera (excl. Chironomidae)","CULICIDAE","CULICINAE","Culex torrentium",0,0,0,0,0,10,0,0,0,0
"1147","Diptera (excl. Chironomidae)","CULICIDAE","CULICINAE","Culiseta alaskaensis",10,0,0,0,0,0,0,0,0,0
"1148","Diptera (excl. Chironomidae)","CULICIDAE","CULICINAE","Culiseta annulata",10,0,0,0,0,0,0,0,0,0
"1149","Diptera (excl. Chironomidae)","CULICIDAE","CULICINAE","Culiseta fumipennis",10,0,0,0,0,0,0,0,0,0
"1150","Diptera (excl. Chironomidae)","CULICIDAE","CULICINAE","Culiseta glaphyroptera",10,0,0,0,0,0,0,0,0,0
"1151","Diptera (excl. Chironomidae)","CULICIDAE","CULICINAE","Culiseta longiareolata",10,0,0,0,0,0,0,0,0,0
"1152","Diptera (excl. Chironomidae)","CULICIDAE","CULICINAE","Culiseta morsitans",10,0,0,0,0,0,0,0,0,0
"1153","Diptera (excl. Chironomidae)","CULICIDAE","CULICINAE","Culiseta ochroptera",10,0,0,0,0,0,0,0,0,0
"1154","Diptera (excl. Chironomidae)","CULICIDAE","CULICINAE","Culiseta subochrea",10,0,0,0,0,0,0,0,0,0
"1155","Diptera (excl. Chironomidae)","CULICIDAE","CULICINAE","Ochlerotatus annulipes",0,0,0,0,0,10,0,0,0,0
"1156","Diptera (excl. Chironomidae)","CULICIDAE","CULICINAE","Ochlerotatus behningi",0,0,0,0,0,0,0,10,0,0
"1157","Diptera (excl. Chironomidae)","CULICIDAE","CULICINAE","Ochlerotatus cantans",0,0,0,0,0,10,0,0,0,0
"1158","Diptera (excl. Chironomidae)","CULICIDAE","CULICINAE","Ochlerotatus caspius",0,0,0,0,0,10,0,0,0,0
"1159","Diptera (excl. Chironomidae)","CULICIDAE","CULICINAE","Ochlerotatus cataphylla",0,0,0,0,0,10,0,0,0,0
"1160","Diptera (excl. Chironomidae)","CULICIDAE","CULICINAE","Ochlerotatus communis",0,0,0,0,0,10,0,0,0,0
"1161","Diptera (excl. Chironomidae)","CULICIDAE","CULICINAE","Ochlerotatus cyprius",0,0,0,0,0,0,0,10,0,0
"1162","Diptera (excl. Chironomidae)","CULICIDAE","CULICINAE","Ochlerotatus detritus",0,0,0,0,0,10,0,0,0,0
"1163","Diptera (excl. Chironomidae)","CULICIDAE","CULICINAE","Ochlerotatus diantaeus",0,0,0,0,0,0,0,10,0,0
"1164","Diptera (excl. Chironomidae)","CULICIDAE","CULICINAE","Ochlerotatus dorsalis",0,0,0,0,0,10,0,0,0,0
"1165","Diptera (excl. Chironomidae)","CULICIDAE","CULICINAE","Ochlerotatus echinus",0,0,0,0,0,0,0,10,0,0
"1166","Diptera (excl. Chironomidae)","CULICIDAE","CULICINAE","Ochlerotatus excrucians",0,0,0,0,0,10,0,0,0,0
"1167","Diptera (excl. Chironomidae)","CULICIDAE","CULICINAE","Ochlerotatus flavescens",0,0,0,0,0,10,0,0,0,0
"1168","Diptera (excl. Chironomidae)","CULICIDAE","CULICINAE","Ochlerotatus geniculatus",0,0,0,0,0,10,0,0,0,0
"1169","Diptera (excl. Chironomidae)","CULICIDAE","CULICINAE","Ochlerotatus hungaricus",0,0,0,0,0,10,0,0,0,0
"1170","Diptera (excl. Chironomidae)","CULICIDAE","CULICINAE","Ochlerotatus intrudens",0,0,0,0,0,10,0,0,0,0
"1171","Diptera (excl. Chironomidae)","CULICIDAE","CULICINAE","Ochlerotatus leucomelas",0,0,0,0,0,10,0,0,0,0
"1172","Diptera (excl. Chironomidae)","CULICIDAE","CULICINAE","Ochlerotatus nigrinus",0,0,0,0,0,0,0,10,0,0
"1173","Diptera (excl. Chironomidae)","CULICIDAE","CULICINAE","Ochlerotatus pulchritarsis",0,0,0,0,0,0,0,10,0,0
"1174","Diptera (excl. Chironomidae)","CULICIDAE","CULICINAE","Ochlerotatus pullatus",0,0,0,0,0,10,0,0,0,0
"1175","Diptera (excl. Chironomidae)","CULICIDAE","CULICINAE","Ochlerotatus punctor",0,0,0,0,0,10,0,0,0,0
"1176","Diptera (excl. Chironomidae)","CULICIDAE","CULICINAE","Ochlerotatus refiki",0,0,0,0,0,0,0,10,0,0
"1177","Diptera (excl. Chironomidae)","CULICIDAE","CULICINAE","Ochlerotatus riparius",0,0,0,0,0,0,0,10,0,0
"1178","Diptera (excl. Chironomidae)","CULICIDAE","CULICINAE","Ochlerotatus rusticus",0,0,0,0,0,10,0,0,0,0
"1179","Diptera (excl. Chironomidae)","CYLINDROTOMIDAE","CYLINDROTOMINAE","Phalacrocera replicata",0,0,0,10,0,0,0,0,0,0
"1180","Diptera (excl. Chironomidae)","DIXIDAE","[Fam:DIXIDAE]","Dixa dilatata",0,0,0,0,5,0,5,0,0,0
"1181","Diptera (excl. Chironomidae)","DIXIDAE","[Fam:DIXIDAE]","Dixa maculata",0,0,0,0,5,0,5,0,0,0
"1182","Diptera (excl. Chironomidae)","DIXIDAE","[Fam:DIXIDAE]","Dixa nebulosa",0,0,0,0,5,0,5,0,0,0
"1183","Diptera (excl. Chironomidae)","DIXIDAE","[Fam:DIXIDAE]","Dixa submaculata",0,0,0,0,0,0,10,0,0,0
"1184","Diptera (excl. Chironomidae)","DIXIDAE","[Fam:DIXIDAE]","Dixella aestivalis",0,0,0,0,5,0,5,0,0,0
"1185","Diptera (excl. Chironomidae)","DIXIDAE","[Fam:DIXIDAE]","Dixella amphibia",0,0,0,0,5,0,5,0,0,0
"1186","Diptera (excl. Chironomidae)","DIXIDAE","[Fam:DIXIDAE]","Dixella autumnalis",0,0,0,0,5,0,5,0,0,0
"1187","Diptera (excl. Chironomidae)","EMPIDIDAE","CLINOCERINAE","Clinocera appendiculata",0,0,0,0,0,0,0,10,0,0
"1188","Diptera (excl. Chironomidae)","EMPIDIDAE","CLINOCERINAE","Clinocera barbatula",0,0,0,0,0,0,0,10,0,0
"1189","Diptera (excl. Chironomidae)","EMPIDIDAE","CLINOCERINAE","Clinocera inermis",0,0,0,0,0,0,0,10,0,0
"1190","Diptera (excl. Chironomidae)","EMPIDIDAE","CLINOCERINAE","Clinocera plectrum",0,0,0,0,0,0,0,10,0,0
"1191","Diptera (excl. Chironomidae)","EMPIDIDAE","CLINOCERINAE","Clinocera stagnalis",0,0,0,0,0,0,0,10,0,0
"1192","Diptera (excl. Chironomidae)","EMPIDIDAE","CLINOCERINAE","Clinocera wesmaeli",0,0,0,0,0,0,0,10,0,0
"1193","Diptera (excl. Chironomidae)","EMPIDIDAE","CLINOCERINAE","Dolichocephala engeli",0,0,0,0,0,0,0,10,0,0
"1194","Diptera (excl. Chironomidae)","EMPIDIDAE","CLINOCERINAE","Dolichocephala irrorata",0,0,0,0,0,0,0,10,0,0
"1195","Diptera (excl. Chironomidae)","EMPIDIDAE","CLINOCERINAE","Wiedemannia aquilex",0,0,0,0,0,0,0,10,0,0
"1196","Diptera (excl. Chironomidae)","EMPIDIDAE","CLINOCERINAE","Wiedemannia bohemani",0,0,0,0,0,0,0,10,0,0
"1197","Diptera (excl. Chironomidae)","EMPIDIDAE","CLINOCERINAE","Wiedemannia hygrobia",0,0,0,0,0,0,0,10,0,0
"1198","Diptera (excl. Chironomidae)","EMPIDIDAE","HEMERODROMIINAE","Chelifera concinnicauda",0,0,0,0,0,0,0,10,0,0
"1199","Diptera (excl. Chironomidae)","EMPIDIDAE","HEMERODROMIINAE","Chelifera flavella",0,0,0,0,0,0,0,10,0,0
"1200","Diptera (excl. Chironomidae)","EMPIDIDAE","HEMERODROMIINAE","Chelifera pectinicauda",0,0,0,0,0,0,0,10,0,0
"1201","Diptera (excl. Chironomidae)","EMPIDIDAE","HEMERODROMIINAE","Chelifera precatoria",0,0,0,0,0,0,0,10,0,0
"1202","Diptera (excl. Chironomidae)","EMPIDIDAE","HEMERODROMIINAE","Hemerodromia unilineata",0,0,0,0,0,0,0,10,0,0
"1203","Diptera (excl. Chironomidae)","LIMONIIDAE","CHIONEINAE","Erioptera fuscipennis",4,0,0,2,4,0,0,0,0,0
"1204","Diptera (excl. Chironomidae)","LIMONIIDAE","CHIONEINAE","Rhypholophus bifurcatus",0,0,0,0,10,0,0,0,0,0
"1205","Diptera (excl. Chironomidae)","LIMONIIDAE","CHIONEINAE","Symplecta hybrida",4,0,0,2,4,0,0,0,0,0
"1206","Diptera (excl. Chironomidae)","LIMONIIDAE","CHIONEINAE","Symplecta pusilla",4,0,0,2,4,0,0,0,0,0
"1207","Diptera (excl. Chironomidae)","LIMONIIDAE","CHIONEINAE","Symplecta stictica stictica",4,0,0,2,4,0,0,0,0,0
"1208","Diptera (excl. Chironomidae)","LIMONIIDAE","LIMNOPHILINAE","Neolimnomyia nemoralis",0,0,0,0,0,0,0,10,0,0
"1209","Diptera (excl. Chironomidae)","LIMONIIDAE","LIMNOPHILINAE","Phylidorea fulvonervosa",0,0,0,0,0,0,0,10,0,0
"1210","Diptera (excl. Chironomidae)","LIMONIIDAE","LIMONIINAE","Limonia albifrons",0,0,0,7,3,0,0,0,0,0
"1211","Diptera (excl. Chironomidae)","LIMONIIDAE","LIMONIINAE","Limonia hercegovinae",0,0,0,7,3,0,0,0,0,0
"1212","Diptera (excl. Chironomidae)","LIMONIIDAE","LIMONIINAE","Limonia macrostigma",0,0,0,7,3,0,0,0,0,0
"1213","Diptera (excl. Chironomidae)","LIMONIIDAE","LIMONIINAE","Limonia nigropunctata nigropunctata",0,0,0,7,3,0,0,0,0,0
"1214","Diptera (excl. Chironomidae)","LIMONIIDAE","LIMONIINAE","Limonia phragmitidis",0,0,0,7,3,0,0,0,0,0
"1215","Diptera (excl. Chironomidae)","LIMONIIDAE","LIMONIINAE","Limonia trivittata",0,0,0,7,3,0,0,0,0,0
"1216","Diptera (excl. Chironomidae)","LIMONIIDAE","LIMONIINAE","Thaumastoptera calceata",0,0,0,0,10,0,0,0,0,0
"1217","Diptera (excl. Chironomidae)","PEDICIIDAE","PEDICIINAE","Dicranota bimaculata",0,0,0,0,0,0,0,10,0,0
"1218","Diptera (excl. Chironomidae)","PEDICIIDAE","PEDICIINAE","Pedicia rivosa mannheimsi",0,0,0,0,0,0,0,10,0,0
"1219","Diptera (excl. Chironomidae)","PEDICIIDAE","PEDICIINAE","Pedicia rivosa rivosa",0,0,0,0,0,0,0,10,0,0
"1220","Diptera (excl. Chironomidae)","PTYCHOPTERIDAE","[Fam:PTYCHOPTERIDAE]","Ptychoptera albimana",0,0,0,5,5,0,0,0,0,0
"1221","Diptera (excl. Chironomidae)","PTYCHOPTERIDAE","[Fam:PTYCHOPTERIDAE]","Ptychoptera contaminata",0,0,0,0,10,0,0,0,0,0
"1222","Diptera (excl. Chironomidae)","PTYCHOPTERIDAE","[Fam:PTYCHOPTERIDAE]","Ptychoptera handlirschi",0,0,0,0,10,0,0,0,0,0
"1223","Diptera (excl. Chironomidae)","PTYCHOPTERIDAE","[Fam:PTYCHOPTERIDAE]","Ptychoptera lacustris",0,0,0,5,5,0,0,0,0,0
"1224","Diptera (excl. Chironomidae)","PTYCHOPTERIDAE","[Fam:PTYCHOPTERIDAE]","Ptychoptera longicauda",0,0,0,5,5,0,0,0,0,0
"1225","Diptera (excl. Chironomidae)","PTYCHOPTERIDAE","[Fam:PTYCHOPTERIDAE]","Ptychoptera minuta",0,0,0,0,10,0,0,0,0,0
"1226","Diptera (excl. Chironomidae)","PTYCHOPTERIDAE","[Fam:PTYCHOPTERIDAE]","Ptychoptera obscura",0,0,0,0,10,0,0,0,0,0
"1227","Diptera (excl. Chironomidae)","PTYCHOPTERIDAE","[Fam:PTYCHOPTERIDAE]","Ptychoptera scutellaris",0,0,0,0,10,0,0,0,0,0
"1228","Diptera (excl. Chironomidae)","PTYCHOPTERIDAE","[Fam:PTYCHOPTERIDAE]","Ptychoptera silvicola",0,0,0,0,10,0,0,0,0,0
"1229","Diptera (excl. Chironomidae)","SIMULIIDAE","[Fam:SIMULIIDAE]","Simulium argyreatum/variegatum",0,0,0,0,0,0,10,0,0,0
"1230","Diptera (excl. Chironomidae)","SIMULIIDAE","SIMULIINAE","Prosimulium hirtipes",1,0,0,0,0,0,9,0,0,0
"1231","Diptera (excl. Chironomidae)","SIMULIIDAE","SIMULIINAE","Prosimulium latimucro",1,0,0,0,0,0,9,0,0,0
"1232","Diptera (excl. Chironomidae)","SIMULIIDAE","SIMULIINAE","Prosimulium rufipes",1,0,0,0,0,0,9,0,0,0
"1233","Diptera (excl. Chironomidae)","SIMULIIDAE","SIMULIINAE","Prosimulium tomosvaryi",1,0,0,0,0,0,9,0,0,0
"1234","Diptera (excl. Chironomidae)","SIMULIIDAE","SIMULIINAE","Simulium angustipes",0,0,0,0,0,0,10,0,0,0
"1235","Diptera (excl. Chironomidae)","SIMULIIDAE","SIMULIINAE","Simulium angustitarse",0,0,0,0,0,0,10,0,0,0
"1236","Diptera (excl. Chironomidae)","SIMULIIDAE","SIMULIINAE","Simulium argenteostriatum",0,0,0,0,0,0,10,0,0,0
"1237","Diptera (excl. Chironomidae)","SIMULIIDAE","SIMULIINAE","Simulium argyreatum",0,0,0,0,0,0,10,0,0,0
"1238","Diptera (excl. Chironomidae)","SIMULIIDAE","SIMULIINAE","Simulium aureum",0,0,0,0,0,0,10,0,0,0
"1239","Diptera (excl. Chironomidae)","SIMULIIDAE","SIMULIINAE","Simulium auricoma",0,0,0,0,0,0,10,0,0,0
"1240","Diptera (excl. Chironomidae)","SIMULIIDAE","SIMULIINAE","Simulium balcanicum",0,0,0,0,0,0,10,0,0,0
"1241","Diptera (excl. Chironomidae)","SIMULIIDAE","SIMULIINAE","Simulium bertrandi",0,0,0,0,0,0,10,0,0,0
"1242","Diptera (excl. Chironomidae)","SIMULIIDAE","SIMULIINAE","Simulium bezzii",0,0,0,0,0,0,10,0,0,0
"1243","Diptera (excl. Chironomidae)","SIMULIIDAE","SIMULIINAE","Simulium brevidens",0,0,0,0,0,0,10,0,0,0
"1244","Diptera (excl. Chironomidae)","SIMULIIDAE","SIMULIINAE","Simulium carpathicum",0,0,0,0,0,0,10,0,0,0
"1245","Diptera (excl. Chironomidae)","SIMULIIDAE","SIMULIINAE","Simulium carthusiense",0,0,0,0,0,0,10,0,0,0
"1246","Diptera (excl. Chironomidae)","SIMULIIDAE","SIMULIINAE","Simulium codreanui",0,0,0,0,0,0,10,0,0,0
"1247","Diptera (excl. Chironomidae)","SIMULIIDAE","SIMULIINAE","Simulium colombaschense",0,0,0,0,0,0,10,0,0,0
"1248","Diptera (excl. Chironomidae)","SIMULIIDAE","SIMULIINAE","Simulium costatum",0,0,0,0,0,0,10,0,0,0
"1249","Diptera (excl. Chironomidae)","SIMULIIDAE","SIMULIINAE","Simulium crenobium",0,0,0,0,0,0,10,0,0,0
"1250","Diptera (excl. Chironomidae)","SIMULIIDAE","SIMULIINAE","Simulium cryophilum",0,0,0,0,0,0,10,0,0,0
"1251","Diptera (excl. Chironomidae)","SIMULIIDAE","SIMULIINAE","Simulium degrangei",0,0,0,0,0,0,10,0,0,0
"1252","Diptera (excl. Chironomidae)","SIMULIIDAE","SIMULIINAE","Simulium equinum",0,0,0,0,0,0,10,0,0,0
"1253","Diptera (excl. Chironomidae)","SIMULIIDAE","SIMULIINAE","Simulium erythrocephalum",0,0,0,0,0,0,10,0,0,0
"1254","Diptera (excl. Chironomidae)","SIMULIIDAE","SIMULIINAE","Simulium intermedium",0,0,0,0,0,0,10,0,0,0
"1255","Diptera (excl. Chironomidae)","SIMULIIDAE","SIMULIINAE","Simulium lineatum",0,0,0,0,0,0,10,0,0,0
"1256","Diptera (excl. Chironomidae)","SIMULIIDAE","SIMULIINAE","Simulium lundstromi",0,0,0,0,0,0,10,0,0,0
"1257","Diptera (excl. Chironomidae)","SIMULIIDAE","SIMULIINAE","Simulium maximum",0,0,0,0,0,0,10,0,0,0
"1258","Diptera (excl. Chironomidae)","SIMULIIDAE","SIMULIINAE","Simulium monticola",0,0,0,0,0,0,10,0,0,0
"1259","Diptera (excl. Chironomidae)","SIMULIIDAE","SIMULIINAE","Simulium morsitans",0,0,0,0,0,0,10,0,0,0
"1260","Diptera (excl. Chironomidae)","SIMULIIDAE","SIMULIINAE","Simulium naturale",0,0,0,0,0,0,10,0,0,0
"1261","Diptera (excl. Chironomidae)","SIMULIIDAE","SIMULIINAE","Simulium noelleri",0,0,0,0,0,0,10,0,0,0
"1262","Diptera (excl. Chironomidae)","SIMULIIDAE","SIMULIINAE","Simulium ornatum",0,0,0,0,0,0,10,0,0,0
"1263","Diptera (excl. Chironomidae)","SIMULIIDAE","SIMULIINAE","Simulium posticatum",0,0,0,0,0,0,10,0,0,0
"1264","Diptera (excl. Chironomidae)","SIMULIIDAE","SIMULIINAE","Simulium pseudequinum",0,0,0,0,0,0,10,0,0,0
"1265","Diptera (excl. Chironomidae)","SIMULIIDAE","SIMULIINAE","Simulium quasidecolletum",0,0,0,0,0,0,10,0,0,0
"1266","Diptera (excl. Chironomidae)","SIMULIIDAE","SIMULIINAE","Simulium reptans",0,0,0,0,0,0,10,0,0,0
"1267","Diptera (excl. Chironomidae)","SIMULIIDAE","SIMULIINAE","Simulium rostratum",0,0,0,0,0,0,10,0,0,0
"1268","Diptera (excl. Chironomidae)","SIMULIIDAE","SIMULIINAE","Simulium trifasciatum",0,0,0,0,0,0,10,0,0,0
"1269","Diptera (excl. Chironomidae)","SIMULIIDAE","SIMULIINAE","Simulium tuberosum",0,0,0,0,0,0,10,0,0,0
"1270","Diptera (excl. Chironomidae)","SIMULIIDAE","SIMULIINAE","Simulium urbanum",0,0,0,0,0,0,10,0,0,0
"1271","Diptera (excl. Chironomidae)","SIMULIIDAE","SIMULIINAE","Simulium variegatum",0,0,0,0,0,0,10,0,0,0
"1272","Diptera (excl. Chironomidae)","SIMULIIDAE","SIMULIINAE","Simulium vernum",0,0,0,0,0,0,10,0,0,0
"1273","Diptera (excl. Chironomidae)","SIMULIIDAE","SIMULIINAE","Simulium vulgare",0,0,0,0,0,0,10,0,0,0
"1274","Diptera (excl. Chironomidae)","SIMULIIDAE","SIMULIINAE","Twinnia hydroides",10,0,0,0,0,0,0,0,0,0
"1275","Diptera (excl. Chironomidae)","STRATIOMYIDAE","CLITELLARIINAE","Oxycera rara",0,0,0,0,10,0,0,0,0,0
"1276","Diptera (excl. Chironomidae)","STRATIOMYIDAE","STRATIOMYINAE","Odontomyia angulata",5,0,0,0,5,0,0,0,0,0
"1277","Diptera (excl. Chironomidae)","STRATIOMYIDAE","STRATIOMYINAE","Odontomyia ornata",5,0,0,0,5,0,0,0,0,0
"1278","Diptera (excl. Chironomidae)","STRATIOMYIDAE","STRATIOMYINAE","Odontomyia tigrina",5,0,0,0,5,0,0,0,0,0
"1279","Diptera (excl. Chironomidae)","STRATIOMYIDAE","STRATIOMYINAE","Oplodontha viridula",0,0,0,0,10,0,0,0,0,0
"1280","Diptera (excl. Chironomidae)","STRATIOMYIDAE","STRATIOMYINAE","Stratiomys chamaeleon",5,0,0,0,2,3,0,0,0,0
"1281","Diptera (excl. Chironomidae)","STRATIOMYIDAE","STRATIOMYINAE","Stratiomys singularior",0,0,0,0,5,0,5,0,0,0
"1282","Diptera (excl. Chironomidae)","SYRPHIDAE","ERISTALINAE","Eristalinus sepulcralis",0,0,0,0,10,0,0,0,0,0
"1283","Diptera (excl. Chironomidae)","SYRPHIDAE","ERISTALINAE","Myathropa florea",0,0,0,0,10,0,0,0,0,0
"1284","Diptera (excl. Chironomidae)","TABANIDAE","CHRYSOPSINAE","Chrysops parallelogrammus",0,0,0,0,10,0,0,0,0,0
"1285","Diptera (excl. Chironomidae)","TABANIDAE","CHRYSOPSINAE","Chrysops relictus",0,0,0,0,10,0,0,0,0,0
"1286","Diptera (excl. Chironomidae)","TABANIDAE","CHRYSOPSINAE","Chrysops rufipes",0,0,0,0,10,0,0,0,0,0
"1287","Diptera (excl. Chironomidae)","TABANIDAE","CHRYSOPSINAE","Chrysops viduatus",0,0,0,0,10,0,0,0,0,0
"1288","Diptera (excl. Chironomidae)","THAUMALEIDAE","[Fam:THAUMALEIDAE]","Thaumalea testacea",10,0,0,0,0,0,0,0,0,0
"1289","Diptera (excl. Chironomidae)","TIPULIDAE","TIPULINAE","Tipula lateralis",0,0,0,0,10,0,0,0,0,0
"1290","Diptera (excl. Chironomidae)","TIPULIDAE","TIPULINAE","Tipula maxima",0,0,0,9,1,0,0,0,0,0
"1291","Diptera (excl. Chironomidae)","TIPULIDAE","TIPULINAE","Tipula montium",0,0,0,10,0,0,0,0,0,0
"1292","Diptera (excl. Chironomidae)","TIPULIDAE","TIPULINAE","Tipula oleracea",0,0,1,9,0,0,0,0,0,0
"1293","Diptera (excl. Chironomidae)","TIPULIDAE","TIPULINAE","Tipula paludosa",0,0,0,10,0,0,0,0,0,0
"1294","Ephemeroptera","AMELETIDAE","AMELETINAE","Ameletus inopinatus",5,0,0,0,5,0,0,0,0,0
"1295","Ephemeroptera","ARTHROPLEIDAE","ARTHROPLEINAE","Arthroplea congener",0,0,0,0,0,10,0,0,0,0
"1296","Ephemeroptera","BAETIDAE","[Fam:BAETIDAE]","Baetis calcaratus",5,0,0,0,5,0,0,0,0,0
"1297","Ephemeroptera","BAETIDAE","BAETINAE","Acentrella inexpectata",5,0,0,0,5,0,0,0,0,0
"1298","Ephemeroptera","BAETIDAE","BAETINAE","Acentrella lapponica",6,0,0,0,4,0,0,0,0,0
"1299","Ephemeroptera","BAETIDAE","BAETINAE","Acentrella sinaica",9,0,0,0,1,0,0,0,0,0
"1300","Ephemeroptera","BAETIDAE","BAETINAE","Baetis alpinus",5,0,0,0,5,0,0,0,0,0
"1301","Ephemeroptera","BAETIDAE","BAETINAE","Baetis beskidensis",5,0,0,0,5,0,0,0,0,0
"1302","Ephemeroptera","BAETIDAE","BAETINAE","Baetis buceratus",5,0,0,0,5,0,0,0,0,0
"1303","Ephemeroptera","BAETIDAE","BAETINAE","Baetis bundyae",10,0,0,0,0,0,0,0,0,0
"1304","Ephemeroptera","BAETIDAE","BAETINAE","Baetis calcaratus",5,0,0,0,5,0,0,0,0,0
"1305","Ephemeroptera","BAETIDAE","BAETINAE","Baetis canariensis",10,0,0,0,0,0,0,0,0,0
"1306","Ephemeroptera","BAETIDAE","BAETINAE","Baetis digitatus",5,0,0,0,5,0,0,0,0,0
"1307","Ephemeroptera","BAETIDAE","BAETINAE","Baetis fuscatus",5,0,0,0,5,0,0,0,0,0
"1308","Ephemeroptera","BAETIDAE","BAETINAE","Baetis gadeai",5,0,0,0,5,0,0,0,0,0
"1309","Ephemeroptera","BAETIDAE","BAETINAE","Baetis gracilis",5,0,0,0,5,0,0,0,0,0
"1310","Ephemeroptera","BAETIDAE","BAETINAE","Baetis ingridae",5,0,0,0,5,0,0,0,0,0
"1311","Ephemeroptera","BAETIDAE","BAETINAE","Baetis liebenauae",5,0,0,0,5,0,0,0,0,0
"1312","Ephemeroptera","BAETIDAE","BAETINAE","Baetis lutheri",5,0,0,0,5,0,0,0,0,0
"1313","Ephemeroptera","BAETIDAE","BAETINAE","Baetis macani",5,0,0,0,5,0,0,0,0,0
"1314","Ephemeroptera","BAETIDAE","BAETINAE","Baetis maurus",6,0,0,0,4,0,0,0,0,0
"1315","Ephemeroptera","BAETIDAE","BAETINAE","Baetis melanonyx",5,0,0,0,5,0,0,0,0,0
"1316","Ephemeroptera","BAETIDAE","BAETINAE","Baetis meridionalis",5,0,0,0,5,0,0,0,0,0
"1317","Ephemeroptera","BAETIDAE","BAETINAE","Baetis muticus",5,0,0,0,5,0,0,0,0,0
"1318","Ephemeroptera","BAETIDAE","BAETINAE","Baetis nexus",5,0,0,0,5,0,0,0,0,0
"1319","Ephemeroptera","BAETIDAE","BAETINAE","Baetis nicolae",5,0,0,0,5,0,0,0,0,0
"1320","Ephemeroptera","BAETIDAE","BAETINAE","Baetis niger",5,0,0,0,5,0,0,0,0,0
"1321","Ephemeroptera","BAETIDAE","BAETINAE","Baetis nubecularis",5,0,0,0,5,0,0,0,0,0
"1322","Ephemeroptera","BAETIDAE","BAETINAE","Baetis pavidus",5,0,0,0,5,0,0,0,0,0
"1323","Ephemeroptera","BAETIDAE","BAETINAE","Baetis rhodani",5,0,0,0,5,0,0,0,0,0
"1324","Ephemeroptera","BAETIDAE","BAETINAE","Baetis scambus",5,0,0,0,5,0,0,0,0,0
"1325","Ephemeroptera","BAETIDAE","BAETINAE","Baetis subalpinus",5,0,0,0,5,0,0,0,0,0
"1326","Ephemeroptera","BAETIDAE","BAETINAE","Baetis tracheatus",5,0,0,0,5,0,0,0,0,0
"1327","Ephemeroptera","BAETIDAE","BAETINAE","Baetis tricolor",5,0,0,0,5,0,0,0,0,0
"1328","Ephemeroptera","BAETIDAE","BAETINAE","Baetis vardarensis",5,0,0,0,5,0,0,0,0,0
"1329","Ephemeroptera","BAETIDAE","BAETINAE","Baetis vernus",5,0,0,0,5,0,0,0,0,0
"1330","Ephemeroptera","BAETIDAE","CLOEONINAE","Baetopus tenellus",0,0,0,0,0,0,0,10,0,0
"1331","Ephemeroptera","BAETIDAE","CLOEONINAE","Baetopus wartensis",0,0,0,0,0,0,0,10,0,0
"1332","Ephemeroptera","BAETIDAE","CLOEONINAE","Centroptilum luteolum",7,0,0,0,3,0,0,0,0,0
"1333","Ephemeroptera","BAETIDAE","CLOEONINAE","Cloeon dipterum",5,0,0,0,5,0,0,0,0,0
"1334","Ephemeroptera","BAETIDAE","CLOEONINAE","Cloeon inscriptum",5,0,0,0,5,0,0,0,0,0
"1335","Ephemeroptera","BAETIDAE","CLOEONINAE","Cloeon praetextum",5,0,0,0,5,0,0,0,0,0
"1336","Ephemeroptera","BAETIDAE","CLOEONINAE","Cloeon schoenemundi",5,0,0,0,5,0,0,0,0,0
"1337","Ephemeroptera","BAETIDAE","CLOEONINAE","Cloeon simile",5,0,0,0,5,0,0,0,0,0
"1338","Ephemeroptera","BAETIDAE","CLOEONINAE","Procloeon bifidum",0,0,0,0,10,0,0,0,0,0
"1339","Ephemeroptera","BAETIDAE","CLOEONINAE","Procloeon pennulatum",5,0,0,0,5,0,0,0,0,0
"1340","Ephemeroptera","BAETIDAE","CLOEONINAE","Procloeon pulchrum",5,0,0,0,5,0,0,0,0,0
"1341","Ephemeroptera","BAETIDAE","CLOEONINAE","Procloeon stenopteryx",5,0,0,0,5,0,0,0,0,0
"1342","Ephemeroptera","CAENIDAE","BRACHYCERINAE","Brachycercus harrisella",0,0,0,0,10,0,0,0,0,0
"1343","Ephemeroptera","CAENIDAE","CAENINAE","Caenis beskidensis",0,0,0,0,10,0,0,0,0,0
"1344","Ephemeroptera","CAENIDAE","CAENINAE","Caenis horaria",0,0,0,0,10,0,0,0,0,0
"1345","Ephemeroptera","CAENIDAE","CAENINAE","Caenis lactea",0,0,0,0,10,0,0,0,0,0
"1346","Ephemeroptera","CAENIDAE","CAENINAE","Caenis luctuosa",0,0,0,0,10,0,0,0,0,0
"1347","Ephemeroptera","CAENIDAE","CAENINAE","Caenis macrura",0,0,0,0,10,0,0,0,0,0
"1348","Ephemeroptera","CAENIDAE","CAENINAE","Caenis martae",0,0,0,0,10,0,0,0,0,0
"1349","Ephemeroptera","CAENIDAE","CAENINAE","Caenis pseudorivulorum",0,0,0,0,10,0,0,0,0,0
"1350","Ephemeroptera","CAENIDAE","CAENINAE","Caenis pusilla",0,0,0,0,10,0,0,0,0,0
"1351","Ephemeroptera","CAENIDAE","CAENINAE","Caenis rivulorum",0,0,0,0,10,0,0,0,0,0
"1352","Ephemeroptera","CAENIDAE","CAENINAE","Caenis robusta",0,0,0,0,10,0,0,0,0,0
"1353","Ephemeroptera","EPHEMERELLIDAE","EPHEMERELLINAE","Drunella paradinasi",0,0,0,0,0,0,0,10,0,0
"1354","Ephemeroptera","EPHEMERELLIDAE","EPHEMERELLINAE","Ephemerella aroni",4,0,0,1,5,0,0,0,0,0
"1355","Ephemeroptera","EPHEMERELLIDAE","EPHEMERELLINAE","Ephemerella mucronata",5,0,0,0,5,0,0,0,0,0
"1356","Ephemeroptera","EPHEMERELLIDAE","EPHEMERELLINAE","Ephemerella notata",5,0,0,0,5,0,0,0,0,0
"1357","Ephemeroptera","EPHEMERELLIDAE","EPHEMERELLINAE","Serratella ignita",5,0,0,0,5,0,0,0,0,0
"1358","Ephemeroptera","EPHEMERELLIDAE","EPHEMERELLINAE","Serratella mesoleuca",5,0,0,0,5,0,0,0,0,0
"1359","Ephemeroptera","EPHEMERELLIDAE","EPHEMERELLINAE","Torleya major",5,0,0,0,5,0,0,0,0,0
"1360","Ephemeroptera","EPHEMERIDAE","[Fam:EPHEMERIDAE]","Ephemera danica",0,0,0,0,3,7,0,0,0,0
"1361","Ephemeroptera","EPHEMERIDAE","[Fam:EPHEMERIDAE]","Ephemera glaucops",0,0,0,0,0,10,0,0,0,0
"1362","Ephemeroptera","EPHEMERIDAE","[Fam:EPHEMERIDAE]","Ephemera lineata",0,0,0,0,0,10,0,0,0,0
"1363","Ephemeroptera","EPHEMERIDAE","[Fam:EPHEMERIDAE]","Ephemera vulgata",0,0,0,0,2,8,0,0,0,0
"1364","Ephemeroptera","HEPTAGENIIDAE","HEPTAGENIINAE","Ecdyonurus alpinus",10,0,0,0,0,0,0,0,0,0
"1365","Ephemeroptera","HEPTAGENIIDAE","HEPTAGENIINAE","Ecdyonurus aurantiacus",5,0,0,0,5,0,0,0,0,0
"1366","Ephemeroptera","HEPTAGENIIDAE","HEPTAGENIINAE","Ecdyonurus austriacus",5,0,0,0,5,0,0,0,0,0
"1367","Ephemeroptera","HEPTAGENIIDAE","HEPTAGENIINAE","Ecdyonurus dispar",5,0,0,0,5,0,0,0,0,0
"1368","Ephemeroptera","HEPTAGENIIDAE","HEPTAGENIINAE","Ecdyonurus helveticus",5,0,0,0,5,0,0,0,0,0
"1369","Ephemeroptera","HEPTAGENIIDAE","HEPTAGENIINAE","Ecdyonurus insignis",5,0,0,0,5,0,0,0,0,0
"1370","Ephemeroptera","HEPTAGENIIDAE","HEPTAGENIINAE","Ecdyonurus macani",5,0,0,0,5,0,0,0,0,0
"1371","Ephemeroptera","HEPTAGENIIDAE","HEPTAGENIINAE","Ecdyonurus parahelveticus",10,0,0,0,0,0,0,0,0,0
"1372","Ephemeroptera","HEPTAGENIIDAE","HEPTAGENIINAE","Ecdyonurus picteti",5,0,0,0,5,0,0,0,0,0
"1373","Ephemeroptera","HEPTAGENIIDAE","HEPTAGENIINAE","Ecdyonurus ruffoi",5,0,0,0,5,0,0,0,0,0
"1374","Ephemeroptera","HEPTAGENIIDAE","HEPTAGENIINAE","Ecdyonurus starmachi",5,0,0,0,5,0,0,0,0,0
"1375","Ephemeroptera","HEPTAGENIIDAE","HEPTAGENIINAE","Ecdyonurus subalpinus",5,0,0,0,5,0,0,0,0,0
"1376","Ephemeroptera","HEPTAGENIIDAE","HEPTAGENIINAE","Ecdyonurus submontanus",5,0,0,0,5,0,0,0,0,0
"1377","Ephemeroptera","HEPTAGENIIDAE","HEPTAGENIINAE","Ecdyonurus torrentis",5,0,0,0,5,0,0,0,0,0
"1378","Ephemeroptera","HEPTAGENIIDAE","HEPTAGENIINAE","Ecdyonurus venosus",5,0,0,0,5,0,0,0,0,0
"1379","Ephemeroptera","HEPTAGENIIDAE","HEPTAGENIINAE","Ecdyonurus zelleri",5,0,0,0,5,0,0,0,0,0
"1380","Ephemeroptera","HEPTAGENIIDAE","HEPTAGENIINAE","Electrogena affinis",10,0,0,0,0,0,0,0,0,0
"1381","Ephemeroptera","HEPTAGENIIDAE","HEPTAGENIINAE","Electrogena lateralis",5,0,0,0,5,0,0,0,0,0
"1382","Ephemeroptera","HEPTAGENIIDAE","HEPTAGENIINAE","Electrogena quadrilineata",5,0,0,0,5,0,0,0,0,0
"1383","Ephemeroptera","HEPTAGENIIDAE","HEPTAGENIINAE","Electrogena samalorum",10,0,0,0,0,0,0,0,0,0
"1384","Ephemeroptera","HEPTAGENIIDAE","HEPTAGENIINAE","Electrogena ujhelyii",5,0,0,0,5,0,0,0,0,0
"1385","Ephemeroptera","HEPTAGENIIDAE","HEPTAGENIINAE","Epeorus alpicola",8,0,0,0,2,0,0,0,0,0
"1386","Ephemeroptera","HEPTAGENIIDAE","HEPTAGENIINAE","Epeorus assimilis",10,0,0,0,0,0,0,0,0,0
"1387","Ephemeroptera","HEPTAGENIIDAE","HEPTAGENIINAE","Epeorus sylvicola",10,0,0,0,0,0,0,0,0,0
"1388","Ephemeroptera","HEPTAGENIIDAE","HEPTAGENIINAE","Heptagenia coerulans",5,0,0,0,5,0,0,0,0,0
"1389","Ephemeroptera","HEPTAGENIIDAE","HEPTAGENIINAE","Heptagenia flava",5,0,0,0,5,0,0,0,0,0
"1390","Ephemeroptera","HEPTAGENIIDAE","HEPTAGENIINAE","Heptagenia longicauda",5,0,0,0,5,0,0,0,0,0
"1391","Ephemeroptera","HEPTAGENIIDAE","HEPTAGENIINAE","Heptagenia sulphurea",5,0,0,0,5,0,0,0,0,0
"1392","Ephemeroptera","HEPTAGENIIDAE","HEPTAGENIINAE","Kageronia fuscogrisea",5,0,0,0,5,0,0,0,0,0
"1393","Ephemeroptera","HEPTAGENIIDAE","HEPTAGENIINAE","Kageronia orbiticola",6,0,0,0,4,0,0,0,0,0
"1394","Ephemeroptera","HEPTAGENIIDAE","HEPTAGENIINAE","Rhithrogena allobrogica",10,0,0,0,0,0,0,0,0,0
"1395","Ephemeroptera","HEPTAGENIIDAE","HEPTAGENIINAE","Rhithrogena alpestris",10,0,0,0,0,0,0,0,0,0
"1396","Ephemeroptera","HEPTAGENIIDAE","HEPTAGENIINAE","Rhithrogena austriaca",10,0,0,0,0,0,0,0,0,0
"1397","Ephemeroptera","HEPTAGENIIDAE","HEPTAGENIINAE","Rhithrogena beskidensis",10,0,0,0,0,0,0,0,0,0
"1398","Ephemeroptera","HEPTAGENIIDAE","HEPTAGENIINAE","Rhithrogena buresi",10,0,0,0,0,0,0,0,0,0
"1399","Ephemeroptera","HEPTAGENIIDAE","HEPTAGENIINAE","Rhithrogena carpatoalpina",10,0,0,0,0,0,0,0,0,0
"1400","Ephemeroptera","HEPTAGENIIDAE","HEPTAGENIINAE","Rhithrogena circumtatrica",10,0,0,0,0,0,0,0,0,0
"1401","Ephemeroptera","HEPTAGENIIDAE","HEPTAGENIINAE","Rhithrogena degrangei",10,0,0,0,0,0,0,0,0,0
"1402","Ephemeroptera","HEPTAGENIIDAE","HEPTAGENIINAE","Rhithrogena diaphana",10,0,0,0,0,0,0,0,0,0
"1403","Ephemeroptera","HEPTAGENIIDAE","HEPTAGENIINAE","Rhithrogena dorieri",10,0,0,0,0,0,0,0,0,0
"1404","Ephemeroptera","HEPTAGENIIDAE","HEPTAGENIINAE","Rhithrogena endenensis",10,0,0,0,0,0,0,0,0,0
"1405","Ephemeroptera","HEPTAGENIIDAE","HEPTAGENIINAE","Rhithrogena germanica",10,0,0,0,0,0,0,0,0,0
"1406","Ephemeroptera","HEPTAGENIIDAE","HEPTAGENIINAE","Rhithrogena gratianopolitana",10,0,0,0,0,0,0,0,0,0
"1407","Ephemeroptera","HEPTAGENIIDAE","HEPTAGENIINAE","Rhithrogena grischuna",10,0,0,0,0,0,0,0,0,0
"1408","Ephemeroptera","HEPTAGENIIDAE","HEPTAGENIINAE","Rhithrogena hercynia",10,0,0,0,0,0,0,0,0,0
"1409","Ephemeroptera","HEPTAGENIIDAE","HEPTAGENIINAE","Rhithrogena hybrida",10,0,0,0,0,0,0,0,0,0
"1410","Ephemeroptera","HEPTAGENIIDAE","HEPTAGENIINAE","Rhithrogena iridina",10,0,0,0,0,0,0,0,0,0
"1411","Ephemeroptera","HEPTAGENIIDAE","HEPTAGENIINAE","Rhithrogena landai",10,0,0,0,0,0,0,0,0,0
"1412","Ephemeroptera","HEPTAGENIIDAE","HEPTAGENIINAE","Rhithrogena loyolaea",10,0,0,0,0,0,0,0,0,0
"1413","Ephemeroptera","HEPTAGENIIDAE","HEPTAGENIINAE","Rhithrogena nivata",10,0,0,0,0,0,0,0,0,0
"1414","Ephemeroptera","HEPTAGENIIDAE","HEPTAGENIINAE","Rhithrogena picteti",10,0,0,0,0,0,0,0,0,0
"1415","Ephemeroptera","HEPTAGENIIDAE","HEPTAGENIINAE","Rhithrogena podhalensis",10,0,0,0,0,0,0,0,0,0
"1416","Ephemeroptera","HEPTAGENIIDAE","HEPTAGENIINAE","Rhithrogena puthzi",10,0,0,0,0,0,0,0,0,0
"1417","Ephemeroptera","HEPTAGENIIDAE","HEPTAGENIINAE","Rhithrogena puytoraci",10,0,0,0,0,0,0,0,0,0
"1418","Ephemeroptera","HEPTAGENIIDAE","HEPTAGENIINAE","Rhithrogena rolandi",10,0,0,0,0,0,0,0,0,0
"1419","Ephemeroptera","HEPTAGENIIDAE","HEPTAGENIINAE","Rhithrogena savoiensis",10,0,0,0,0,0,0,0,0,0
"1420","Ephemeroptera","HEPTAGENIIDAE","HEPTAGENIINAE","Rhithrogena semicolorata",10,0,0,0,0,0,0,0,0,0
"1421","Ephemeroptera","HEPTAGENIIDAE","HEPTAGENIINAE","Rhithrogena taurisca",10,0,0,0,0,0,0,0,0,0
"1422","Ephemeroptera","HEPTAGENIIDAE","HEPTAGENIINAE","Rhithrogena vaillanti",10,0,0,0,0,0,0,0,0,0
"1423","Ephemeroptera","HEPTAGENIIDAE","HEPTAGENIINAE","Rhithrogena zelinkai",10,0,0,0,0,0,0,0,0,0
"1424","Ephemeroptera","ISONYCHIIDAE","ISONYCHIINAE","Isonychia ignota",0,0,0,0,0,0,10,0,0,0
"1425","Ephemeroptera","LEPTOPHLEBIIDAE","[Fam:LEPTOPHLEBIIDAE]","Choroterpes picteti",0,0,0,0,0,0,8,0,0,2
"1426","Ephemeroptera","LEPTOPHLEBIIDAE","[Fam:LEPTOPHLEBIIDAE]","Habroleptoides confusa",0,0,0,0,10,0,0,0,0,0
"1427","Ephemeroptera","LEPTOPHLEBIIDAE","[Fam:LEPTOPHLEBIIDAE]","Habrophlebia eldae",0,0,0,0,10,0,0,0,0,0
"1428","Ephemeroptera","LEPTOPHLEBIIDAE","[Fam:LEPTOPHLEBIIDAE]","Habrophlebia fusca",2,0,0,0,8,0,0,0,0,0
"1429","Ephemeroptera","LEPTOPHLEBIIDAE","[Fam:LEPTOPHLEBIIDAE]","Habrophlebia lauta",2,0,0,0,8,0,0,0,0,0
"1430","Ephemeroptera","LEPTOPHLEBIIDAE","[Fam:LEPTOPHLEBIIDAE]","Leptophlebia marginata",0,0,0,0,10,0,0,0,0,0
"1431","Ephemeroptera","LEPTOPHLEBIIDAE","[Fam:LEPTOPHLEBIIDAE]","Leptophlebia vespertina",0,0,0,0,10,0,0,0,0,0
"1432","Ephemeroptera","LEPTOPHLEBIIDAE","[Fam:LEPTOPHLEBIIDAE]","Paraleptophlebia cincta",0,0,0,0,10,0,0,0,0,0
"1433","Ephemeroptera","LEPTOPHLEBIIDAE","[Fam:LEPTOPHLEBIIDAE]","Paraleptophlebia submarginata",0,0,0,0,10,0,0,0,0,0
"1434","Ephemeroptera","LEPTOPHLEBIIDAE","[Fam:LEPTOPHLEBIIDAE]","Paraleptophlebia werneri",0,0,0,0,10,0,0,0,0,0
"1435","Ephemeroptera","OLIGONEURIIDAE","OLIGONEURIINAE","Oligoneuriella marichuae",0,0,0,0,0,0,10,0,0,0
"1436","Ephemeroptera","OLIGONEURIIDAE","OLIGONEURIINAE","Oligoneuriella rhenana",0,0,0,0,0,0,10,0,0,0
"1437","Ephemeroptera","PALINGENIIDAE","PALINGENIINAE","Palingenia longicauda",0,0,0,0,0,10,0,0,0,0
"1438","Ephemeroptera","POLYMITARCYIDAE","POLYMITARCYINAE","Ephoron virgo",0,0,0,0,0,10,0,0,0,0
"1439","Ephemeroptera","POTAMANTHIDAE","[Fam:POTAMANTHIDAE]","Potamanthus luteus",0,0,0,0,9,1,0,0,0,0
"1440","Ephemeroptera","PROSOPISTOMATIDAE","[Fam:PROSOPISTOMATIDAE]","Prosopistoma pennigerum",1,0,0,0,0,0,0,9,0,0
"1441","Ephemeroptera","SIPHLONURIDAE","SIPHLONURINAE","Siphlonurus aestivalis",0,0,0,0,10,0,0,0,0,0
"1442","Ephemeroptera","SIPHLONURIDAE","SIPHLONURINAE","Siphlonurus alternatus",0,0,0,0,10,0,0,0,0,0
"1443","Ephemeroptera","SIPHLONURIDAE","SIPHLONURINAE","Siphlonurus armatus",0,0,0,0,10,0,0,0,0,0
"1444","Ephemeroptera","SIPHLONURIDAE","SIPHLONURINAE","Siphlonurus croaticus",0,0,0,0,10,0,0,0,0,0
"1445","Ephemeroptera","SIPHLONURIDAE","SIPHLONURINAE","Siphlonurus lacustris",0,0,0,0,10,0,0,0,0,0
"1446","Hymenoptera","ICHNEUMONIDAE","AGRIOTYPINAE","Agriotypus armatus",0,0,0,0,0,0,0,0,10,0
"1447","Lepidoptera","CRAMBIDAE","ACENTROPINAE","Acentria ephemerella",0,0,0,10,0,0,0,0,0,0
"1448","Lepidoptera","CRAMBIDAE","ACENTROPINAE","Cataclysta lemnata",0,0,0,10,0,0,0,0,0,0
"1449","Lepidoptera","CRAMBIDAE","ACENTROPINAE","Elophila nymphaeata nymphaeata",0,5,0,5,0,0,0,0,0,0
"1450","Lepidoptera","CRAMBIDAE","ACENTROPINAE","Elophila rivulalis",0,5,0,5,0,0,0,0,0,0
"1451","Lepidoptera","CRAMBIDAE","ACENTROPINAE","Nymphula nitidulata",0,5,0,5,0,0,0,0,0,0
"1452","Lepidoptera","CRAMBIDAE","ACENTROPINAE","Parapoynx nivalis",0,0,0,10,0,0,0,0,0,0
"1453","Lepidoptera","CRAMBIDAE","ACENTROPINAE","Parapoynx stratiotata",0,0,0,10,0,0,0,0,0,0
"1454","Lepidoptera","CRAMBIDAE","SCHOENOBIINAE","Donacaula mucronella",0,0,0,10,0,0,0,0,0,0
"1455","Megaloptera","SIALIDAE","[Fam:SIALIDAE]","Sialis fuliginosa",0,0,0,0,0,0,0,10,0,0
"1456","Megaloptera","SIALIDAE","[Fam:SIALIDAE]","Sialis lutaria",0,0,0,0,0,0,0,10,0,0
"1457","Megaloptera","SIALIDAE","[Fam:SIALIDAE]","Sialis morio",0,0,0,0,0,0,0,10,0,0
"1458","Megaloptera","SIALIDAE","[Fam:SIALIDAE]","Sialis nigripes",0,0,0,0,0,0,0,10,0,0
"1459","Megaloptera","SIALIDAE","[Fam:SIALIDAE]","Sialis sordida",0,0,0,0,0,0,0,10,0,0
"1460","Odonata","AESHNIDAE","[Fam:AESHNIDAE]","Aeshna affinis",0,0,0,0,0,0,0,10,0,0
"1461","Odonata","AESHNIDAE","[Fam:AESHNIDAE]","Aeshna caerulea",0,0,0,0,0,0,0,10,0,0
"1462","Odonata","AESHNIDAE","[Fam:AESHNIDAE]","Aeshna crenata",0,0,0,0,0,0,0,10,0,0
"1463","Odonata","AESHNIDAE","[Fam:AESHNIDAE]","Aeshna cyanea",0,0,0,0,0,0,0,10,0,0
"1464","Odonata","AESHNIDAE","[Fam:AESHNIDAE]","Aeshna grandis",0,0,0,0,0,0,0,10,0,0
"1465","Odonata","AESHNIDAE","[Fam:AESHNIDAE]","Aeshna isoceles",0,0,0,0,0,0,0,10,0,0
"1466","Odonata","AESHNIDAE","[Fam:AESHNIDAE]","Aeshna juncea",0,0,0,0,0,0,0,10,0,0
"1467","Odonata","AESHNIDAE","[Fam:AESHNIDAE]","Aeshna mixta",0,0,0,0,0,0,0,10,0,0
"1468","Odonata","AESHNIDAE","[Fam:AESHNIDAE]","Aeshna subarctica",0,0,0,0,0,0,0,10,0,0
"1469","Odonata","AESHNIDAE","[Fam:AESHNIDAE]","Aeshna viridis",0,0,0,0,0,0,0,10,0,0
"1470","Odonata","AESHNIDAE","[Fam:AESHNIDAE]","Anax immaculifrons",0,0,0,0,0,0,0,10,0,0
"1471","Odonata","AESHNIDAE","[Fam:AESHNIDAE]","Anax imperator",0,0,0,0,0,0,0,10,0,0
"1472","Odonata","AESHNIDAE","[Fam:AESHNIDAE]","Anax junius",0,0,0,0,0,0,0,10,0,0
"1473","Odonata","AESHNIDAE","[Fam:AESHNIDAE]","Anax parthenope",0,0,0,0,0,0,0,10,0,0
"1474","Odonata","AESHNIDAE","[Fam:AESHNIDAE]","Boyeria cretensis",0,0,0,0,0,0,0,10,0,0
"1475","Odonata","AESHNIDAE","[Fam:AESHNIDAE]","Boyeria irene",0,0,0,0,0,0,0,10,0,0
"1476","Odonata","AESHNIDAE","[Fam:AESHNIDAE]","Brachytron pratense",0,0,0,0,0,0,0,10,0,0
"1477","Odonata","AESHNIDAE","[Fam:AESHNIDAE]","Caliaeschna microstigma",0,0,0,0,0,0,0,10,0,0
"1478","Odonata","AESHNIDAE","[Fam:AESHNIDAE]","Hemianax ephippiger",0,0,0,0,0,0,0,10,0,0
"1479","Odonata","CALOPTERYGIDAE","[Fam:CALOPTERYGIDAE]","Calopteryx exul",0,0,0,0,0,0,0,10,0,0
"1480","Odonata","CALOPTERYGIDAE","[Fam:CALOPTERYGIDAE]","Calopteryx haemorrhoidalis",0,0,0,0,0,0,0,10,0,0
"1481","Odonata","CALOPTERYGIDAE","[Fam:CALOPTERYGIDAE]","Calopteryx splendens",0,0,0,0,0,0,0,10,0,0
"1482","Odonata","CALOPTERYGIDAE","[Fam:CALOPTERYGIDAE]","Calopteryx syriaca",0,0,0,0,0,0,0,10,0,0
"1483","Odonata","CALOPTERYGIDAE","[Fam:CALOPTERYGIDAE]","Calopteryx virgo",0,0,0,0,0,0,0,10,0,0
"1484","Odonata","CALOPTERYGIDAE","[Fam:CALOPTERYGIDAE]","Pseudagrion sublacteum",0,0,0,0,0,0,0,10,0,0
"1485","Odonata","COENAGRIONIDAE","[Fam:COENAGRIONIDAE]","Ceriagrion georgifreyi",0,0,0,0,0,0,0,10,0,0
"1486","Odonata","COENAGRIONIDAE","[Fam:COENAGRIONIDAE]","Ceriagrion tenellum",0,0,0,0,0,0,0,10,0,0
"1487","Odonata","COENAGRIONIDAE","[Fam:COENAGRIONIDAE]","Coenagrion armatum",0,0,0,0,0,0,0,10,0,0
"1488","Odonata","COENAGRIONIDAE","[Fam:COENAGRIONIDAE]","Coenagrion caerulescens",0,0,0,0,0,0,0,10,0,0
"1489","Odonata","COENAGRIONIDAE","[Fam:COENAGRIONIDAE]","Coenagrion ecornutum",0,0,0,0,0,0,0,10,0,0
"1490","Odonata","COENAGRIONIDAE","[Fam:COENAGRIONIDAE]","Coenagrion glaciale",0,0,0,0,0,0,0,10,0,0
"1491","Odonata","COENAGRIONIDAE","[Fam:COENAGRIONIDAE]","Coenagrion hastulatum",0,0,0,0,0,0,0,10,0,0
"1492","Odonata","COENAGRIONIDAE","[Fam:COENAGRIONIDAE]","Coenagrion hylas",0,0,0,0,0,0,0,10,0,0
"1493","Odonata","COENAGRIONIDAE","[Fam:COENAGRIONIDAE]","Coenagrion intermedium",0,0,0,0,0,0,0,10,0,0
"1494","Odonata","COENAGRIONIDAE","[Fam:COENAGRIONIDAE]","Coenagrion johanssoni",0,0,0,0,0,0,0,10,0,0
"1495","Odonata","COENAGRIONIDAE","[Fam:COENAGRIONIDAE]","Coenagrion lunulatum",0,0,0,0,0,0,0,10,0,0
"1496","Odonata","COENAGRIONIDAE","[Fam:COENAGRIONIDAE]","Coenagrion mercuriale",0,0,0,0,0,0,0,10,0,0
"1497","Odonata","COENAGRIONIDAE","[Fam:COENAGRIONIDAE]","Coenagrion ornatum",0,0,0,0,0,0,0,10,0,0
"1498","Odonata","COENAGRIONIDAE","[Fam:COENAGRIONIDAE]","Coenagrion puella",0,0,0,0,0,0,0,10,0,0
"1499","Odonata","COENAGRIONIDAE","[Fam:COENAGRIONIDAE]","Coenagrion pulchellum",0,0,0,0,0,0,0,10,0,0
"1500","Odonata","COENAGRIONIDAE","[Fam:COENAGRIONIDAE]","Coenagrion scitulum",0,0,0,0,0,0,0,10,0,0
"1501","Odonata","COENAGRIONIDAE","[Fam:COENAGRIONIDAE]","Coenagrion syriacum",0,0,0,0,0,0,0,10,0,0
"1502","Odonata","COENAGRIONIDAE","[Fam:COENAGRIONIDAE]","Enallagma cyathigerum",0,0,0,0,0,0,0,10,0,0
"1503","Odonata","COENAGRIONIDAE","[Fam:COENAGRIONIDAE]","Enallagma deserti",0,0,0,0,0,0,0,10,0,0
"1504","Odonata","COENAGRIONIDAE","[Fam:COENAGRIONIDAE]","Erythromma najas",0,0,0,0,0,0,0,10,0,0
"1505","Odonata","COENAGRIONIDAE","[Fam:COENAGRIONIDAE]","Erythromma viridulum",0,0,0,0,0,0,0,10,0,0
"1506","Odonata","COENAGRIONIDAE","[Fam:COENAGRIONIDAE]","Ischnura aralensis",0,0,0,0,0,0,0,10,0,0
"1507","Odonata","COENAGRIONIDAE","[Fam:COENAGRIONIDAE]","Ischnura elegans",0,0,0,0,0,0,0,10,0,0
"1508","Odonata","COENAGRIONIDAE","[Fam:COENAGRIONIDAE]","Ischnura fountaineae",0,0,0,0,0,0,0,10,0,0
"1509","Odonata","COENAGRIONIDAE","[Fam:COENAGRIONIDAE]","Ischnura genei",0,0,0,0,0,0,0,10,0,0
"1510","Odonata","COENAGRIONIDAE","[Fam:COENAGRIONIDAE]","Ischnura graellsii",0,0,0,0,0,0,0,10,0,0
"1511","Odonata","COENAGRIONIDAE","[Fam:COENAGRIONIDAE]","Ischnura hastata",0,0,0,0,0,0,0,10,0,0
"1512","Odonata","COENAGRIONIDAE","[Fam:COENAGRIONIDAE]","Ischnura intermedia",0,0,0,0,0,0,0,10,0,0
"1513","Odonata","COENAGRIONIDAE","[Fam:COENAGRIONIDAE]","Ischnura pumilio",0,0,0,0,0,0,0,10,0,0
"1514","Odonata","COENAGRIONIDAE","[Fam:COENAGRIONIDAE]","Ischnura saharensis",0,0,0,0,0,0,0,10,0,0
"1515","Odonata","COENAGRIONIDAE","[Fam:COENAGRIONIDAE]","Ischnura senegalensis",0,0,0,0,0,0,0,10,0,0
"1516","Odonata","COENAGRIONIDAE","[Fam:COENAGRIONIDAE]","Nehalennia speciosa",0,0,0,0,0,0,0,10,0,0
"1517","Odonata","COENAGRIONIDAE","[Fam:COENAGRIONIDAE]","Pyrrhosoma elisabethae",0,0,0,0,0,0,0,10,0,0
"1518","Odonata","COENAGRIONIDAE","[Fam:COENAGRIONIDAE]","Pyrrhosoma nymphula",0,0,0,0,0,0,0,10,0,0
"1519","Odonata","CORDULEGASTRIDAE","[Fam:CORDULEGASTRIDAE]","Cordulegaster bidentata",0,0,0,0,0,0,0,10,0,0
"1520","Odonata","CORDULEGASTRIDAE","[Fam:CORDULEGASTRIDAE]","Cordulegaster boltonii",0,0,0,0,0,0,0,10,0,0
"1521","Odonata","CORDULEGASTRIDAE","[Fam:CORDULEGASTRIDAE]","Cordulegaster helladica",0,0,0,0,0,0,0,10,0,0
"1522","Odonata","CORDULEGASTRIDAE","[Fam:CORDULEGASTRIDAE]","Cordulegaster heros",0,0,0,0,0,0,0,10,0,0
"1523","Odonata","CORDULEGASTRIDAE","[Fam:CORDULEGASTRIDAE]","Cordulegaster insignis",0,0,0,0,0,0,0,10,0,0
"1524","Odonata","CORDULEGASTRIDAE","[Fam:CORDULEGASTRIDAE]","Cordulegaster picta",0,0,0,0,0,0,0,10,0,0
"1525","Odonata","CORDULEGASTRIDAE","[Fam:CORDULEGASTRIDAE]","Cordulegaster princeps",0,0,0,0,0,0,0,10,0,0
"1526","Odonata","CORDULEGASTRIDAE","[Fam:CORDULEGASTRIDAE]","Cordulegaster trinacriae",0,0,0,0,0,0,0,10,0,0
"1527","Odonata","CORDULIIDAE","[Fam:CORDULIIDAE]","Cordulia aenea",0,0,0,0,0,0,0,10,0,0
"1528","Odonata","CORDULIIDAE","[Fam:CORDULIIDAE]","Epitheca bimaculata",0,0,0,0,0,0,0,10,0,0
"1529","Odonata","CORDULIIDAE","[Fam:CORDULIIDAE]","Oxygastra curtisii",0,0,0,0,0,0,0,10,0,0
"1530","Odonata","CORDULIIDAE","[Fam:CORDULIIDAE]","Somatochlora alpestris",0,0,0,0,0,0,0,10,0,0
"1531","Odonata","CORDULIIDAE","[Fam:CORDULIIDAE]","Somatochlora arctica",0,0,0,0,0,0,0,10,0,0
"1532","Odonata","CORDULIIDAE","[Fam:CORDULIIDAE]","Somatochlora borisi",0,0,0,0,0,0,0,10,0,0
"1533","Odonata","CORDULIIDAE","[Fam:CORDULIIDAE]","Somatochlora flavomaculata",0,0,0,0,0,0,0,10,0,0
"1534","Odonata","CORDULIIDAE","[Fam:CORDULIIDAE]","Somatochlora graeseri",0,0,0,0,0,0,0,10,0,0
"1535","Odonata","CORDULIIDAE","[Fam:CORDULIIDAE]","Somatochlora meridionalis",0,0,0,0,0,0,0,10,0,0
"1536","Odonata","CORDULIIDAE","[Fam:CORDULIIDAE]","Somatochlora metallica",0,0,0,0,0,0,0,10,0,0
"1537","Odonata","CORDULIIDAE","[Fam:CORDULIIDAE]","Somatochlora sahlbergi",0,0,0,0,0,0,0,10,0,0
"1538","Odonata","CORDULIIDAE","MACROMIINAE","Macromia amphigena",0,0,0,0,0,0,0,10,0,0
"1539","Odonata","CORDULIIDAE","MACROMIINAE","Macromia splendens",0,0,0,0,0,0,0,10,0,0
"1540","Odonata","EUPHAEIDAE","[Fam:EUPHAEIDAE]","Epallage fatime",0,0,0,0,0,0,0,10,0,0
"1541","Odonata","GOMPHIDAE","[Fam:GOMPHIDAE]","Gomphus davidi",0,0,0,0,0,0,0,10,0,0
"1542","Odonata","GOMPHIDAE","[Fam:GOMPHIDAE]","Gomphus flavipes",0,0,0,0,0,0,0,10,0,0
"1543","Odonata","GOMPHIDAE","[Fam:GOMPHIDAE]","Gomphus graslinii",0,0,0,0,0,0,0,10,0,0
"1544","Odonata","GOMPHIDAE","[Fam:GOMPHIDAE]","Gomphus lucasii",0,0,0,0,0,0,0,10,0,0
"1545","Odonata","GOMPHIDAE","[Fam:GOMPHIDAE]","Gomphus pulchellus",0,0,0,0,0,0,0,10,0,0
"1546","Odonata","GOMPHIDAE","[Fam:GOMPHIDAE]","Gomphus schneiderii",0,0,0,0,0,0,0,10,0,0
"1547","Odonata","GOMPHIDAE","[Fam:GOMPHIDAE]","Gomphus simillimus",0,0,0,0,0,0,0,10,0,0
"1548","Odonata","GOMPHIDAE","[Fam:GOMPHIDAE]","Gomphus vulgatissimus",0,0,0,0,0,0,0,10,0,0
"1549","Odonata","GOMPHIDAE","[Fam:GOMPHIDAE]","Lindenia tetraphylla",0,0,0,0,0,0,0,10,0,0
"1550","Odonata","GOMPHIDAE","[Fam:GOMPHIDAE]","Onychogomphus assimilis",0,0,0,0,0,0,0,10,0,0
"1551","Odonata","GOMPHIDAE","[Fam:GOMPHIDAE]","Onychogomphus boudoti",0,0,0,0,0,0,0,10,0,0
"1552","Odonata","GOMPHIDAE","[Fam:GOMPHIDAE]","Onychogomphus costae",0,0,0,0,0,0,0,10,0,0
"1553","Odonata","GOMPHIDAE","[Fam:GOMPHIDAE]","Onychogomphus flexuosus",0,0,0,0,0,0,0,10,0,0
"1554","Odonata","GOMPHIDAE","[Fam:GOMPHIDAE]","Onychogomphus forcipatus",0,0,0,0,0,0,0,10,0,0
"1555","Odonata","GOMPHIDAE","[Fam:GOMPHIDAE]","Onychogomphus lefebvrii",0,0,0,0,0,0,0,10,0,0
"1556","Odonata","GOMPHIDAE","[Fam:GOMPHIDAE]","Onychogomphus macrodon",0,0,0,0,0,0,0,10,0,0
"1557","Odonata","GOMPHIDAE","[Fam:GOMPHIDAE]","Onychogomphus uncatus",0,0,0,0,0,0,0,10,0,0
"1558","Odonata","GOMPHIDAE","[Fam:GOMPHIDAE]","Ophiogomphus cecilia",0,0,0,0,0,0,0,10,0,0
"1559","Odonata","GOMPHIDAE","[Fam:GOMPHIDAE]","Paragomphus genei",0,0,0,0,0,0,0,10,0,0
"1560","Odonata","GOMPHIDAE","[Fam:GOMPHIDAE]","Paragomphus lineatus",0,0,0,0,0,0,0,10,0,0
"1561","Odonata","GOMPHIDAE","[Fam:GOMPHIDAE]","Stylurus ubadschii",0,0,0,0,0,0,0,10,0,0
"1562","Odonata","LESTIDAE","[Fam:LESTIDAE]","Chalcolestes parvidens",0,0,0,0,0,0,0,10,0,0
"1563","Odonata","LESTIDAE","[Fam:LESTIDAE]","Chalcolestes viridis",0,0,0,0,0,0,0,10,0,0
"1564","Odonata","LESTIDAE","[Fam:LESTIDAE]","Lestes barbarus",0,0,0,0,0,0,0,10,0,0
"1565","Odonata","LESTIDAE","[Fam:LESTIDAE]","Lestes dryas",0,0,0,0,0,0,0,10,0,0
"1566","Odonata","LESTIDAE","[Fam:LESTIDAE]","Lestes macrostigma",0,0,0,0,0,0,0,10,0,0
"1567","Odonata","LESTIDAE","[Fam:LESTIDAE]","Lestes numidicus",0,0,0,0,0,0,0,10,0,0
"1568","Odonata","LESTIDAE","[Fam:LESTIDAE]","Lestes sponsa",0,0,0,0,0,0,0,10,0,0
"1569","Odonata","LESTIDAE","[Fam:LESTIDAE]","Lestes virens",0,0,0,0,0,0,0,10,0,0
"1570","Odonata","LESTIDAE","[Fam:LESTIDAE]","Sympecma fusca",0,0,0,0,0,0,0,10,0,0
"1571","Odonata","LESTIDAE","[Fam:LESTIDAE]","Sympecma paedisca",0,0,0,0,0,0,0,10,0,0
"1572","Odonata","LIBELLULIDAE","[Fam:LIBELLULIDAE]","Acisoma inflatum",0,0,0,0,0,0,0,10,0,0
"1573","Odonata","LIBELLULIDAE","[Fam:LIBELLULIDAE]","Brachythemis fuscopalliata",0,0,0,0,0,0,0,10,0,0
"1574","Odonata","LIBELLULIDAE","[Fam:LIBELLULIDAE]","Brachythemis leucosticta",0,0,0,0,0,0,0,10,0,0
"1575","Odonata","LIBELLULIDAE","[Fam:LIBELLULIDAE]","Crocothemis erythraea",0,0,0,0,0,0,0,10,0,0
"1576","Odonata","LIBELLULIDAE","[Fam:LIBELLULIDAE]","Crocothemis servilia",0,0,0,0,0,0,0,10,0,0
"1577","Odonata","LIBELLULIDAE","[Fam:LIBELLULIDAE]","Diplacodes lefebvreii",0,0,0,0,0,0,0,10,0,0
"1578","Odonata","LIBELLULIDAE","[Fam:LIBELLULIDAE]","Leucorrhinia albifrons",0,0,0,0,0,0,0,10,0,0
"1579","Odonata","LIBELLULIDAE","[Fam:LIBELLULIDAE]","Leucorrhinia caudalis",0,0,0,0,0,0,0,10,0,0
"1580","Odonata","LIBELLULIDAE","[Fam:LIBELLULIDAE]","Leucorrhinia dubia",0,0,0,0,0,0,0,10,0,0
"1581","Odonata","LIBELLULIDAE","[Fam:LIBELLULIDAE]","Leucorrhinia pectoralis",0,0,0,0,0,0,0,10,0,0
"1582","Odonata","LIBELLULIDAE","[Fam:LIBELLULIDAE]","Leucorrhinia rubicunda",0,0,0,0,0,0,0,10,0,0
"1583","Odonata","LIBELLULIDAE","[Fam:LIBELLULIDAE]","Libellula depressa",0,0,0,0,0,0,0,10,0,0
"1584","Odonata","LIBELLULIDAE","[Fam:LIBELLULIDAE]","Libellula fulva",0,0,0,0,0,0,0,10,0,0
"1585","Odonata","LIBELLULIDAE","[Fam:LIBELLULIDAE]","Libellula pontica",0,0,0,0,0,0,0,10,0,0
"1586","Odonata","LIBELLULIDAE","[Fam:LIBELLULIDAE]","Libellula quadrimaculata",0,0,0,0,0,0,0,10,0,0
"1587","Odonata","LIBELLULIDAE","[Fam:LIBELLULIDAE]","Orthetrum albistylum",0,0,0,0,0,0,0,10,0,0
"1588","Odonata","LIBELLULIDAE","[Fam:LIBELLULIDAE]","Orthetrum brunneum",0,0,0,0,0,0,0,10,0,0
"1589","Odonata","LIBELLULIDAE","[Fam:LIBELLULIDAE]","Orthetrum cancellatum",0,0,0,0,0,0,0,10,0,0
"1590","Odonata","LIBELLULIDAE","[Fam:LIBELLULIDAE]","Orthetrum chrysostigma",0,0,0,0,0,0,0,10,0,0
"1591","Odonata","LIBELLULIDAE","[Fam:LIBELLULIDAE]","Orthetrum coerulescens",0,0,0,0,0,0,0,10,0,0
"1592","Odonata","LIBELLULIDAE","[Fam:LIBELLULIDAE]","Orthetrum nitidinerve",0,0,0,0,0,0,0,10,0,0
"1593","Odonata","LIBELLULIDAE","[Fam:LIBELLULIDAE]","Orthetrum ransonnetii",0,0,0,0,0,0,0,10,0,0
"1594","Odonata","LIBELLULIDAE","[Fam:LIBELLULIDAE]","Orthetrum sabina",0,0,0,0,0,0,0,10,0,0
"1595","Odonata","LIBELLULIDAE","[Fam:LIBELLULIDAE]","Orthetrum taeniolatum",0,0,0,0,0,0,0,10,0,0
"1596","Odonata","LIBELLULIDAE","[Fam:LIBELLULIDAE]","Orthetrum trinacria",0,0,0,0,0,0,0,10,0,0
"1597","Odonata","LIBELLULIDAE","[Fam:LIBELLULIDAE]","Pachydiplax longipennis",0,0,0,0,0,0,0,10,0,0
"1598","Odonata","LIBELLULIDAE","[Fam:LIBELLULIDAE]","Pantala flavescens",0,0,0,0,0,0,0,10,0,0
"1599","Odonata","LIBELLULIDAE","[Fam:LIBELLULIDAE]","Rhyothemis semihyalina",0,0,0,0,0,0,0,10,0,0
"1600","Odonata","LIBELLULIDAE","[Fam:LIBELLULIDAE]","Selysiothemis nigra",0,0,0,0,0,0,0,10,0,0
"1601","Odonata","LIBELLULIDAE","[Fam:LIBELLULIDAE]","Sympetrum danae",0,0,0,0,0,0,0,10,0,0
"1602","Odonata","LIBELLULIDAE","[Fam:LIBELLULIDAE]","Sympetrum depressiusculum",0,0,0,0,0,0,0,10,0,0
"1603","Odonata","LIBELLULIDAE","[Fam:LIBELLULIDAE]","Sympetrum flaveolum",0,0,0,0,0,0,0,10,0,0
"1604","Odonata","LIBELLULIDAE","[Fam:LIBELLULIDAE]","Sympetrum fonscolombii",0,0,0,0,0,0,0,10,0,0
"1605","Odonata","LIBELLULIDAE","[Fam:LIBELLULIDAE]","Sympetrum haritonovi",0,0,0,0,0,0,0,10,0,0
"1606","Odonata","LIBELLULIDAE","[Fam:LIBELLULIDAE]","Sympetrum meridionale",0,0,0,0,0,0,0,10,0,0
"1607","Odonata","LIBELLULIDAE","[Fam:LIBELLULIDAE]","Sympetrum nigrifemur",0,0,0,0,0,0,0,10,0,0
"1608","Odonata","LIBELLULIDAE","[Fam:LIBELLULIDAE]","Sympetrum pedemontanum",0,0,0,0,0,0,0,10,0,0
"1609","Odonata","LIBELLULIDAE","[Fam:LIBELLULIDAE]","Sympetrum sanguineum",0,0,0,0,0,0,0,10,0,0
"1610","Odonata","LIBELLULIDAE","[Fam:LIBELLULIDAE]","Sympetrum striolatum",0,0,0,0,0,0,0,10,0,0
"1611","Odonata","LIBELLULIDAE","[Fam:LIBELLULIDAE]","Sympetrum tibiale",0,0,0,0,0,0,0,10,0,0
"1612","Odonata","LIBELLULIDAE","[Fam:LIBELLULIDAE]","Sympetrum vulgatum",0,0,0,0,0,0,0,10,0,0
"1613","Odonata","LIBELLULIDAE","[Fam:LIBELLULIDAE]","Tramea basilaris",0,0,0,0,0,0,0,10,0,0
"1614","Odonata","LIBELLULIDAE","[Fam:LIBELLULIDAE]","Trithemis annulata",0,0,0,0,0,0,0,10,0,0
"1615","Odonata","LIBELLULIDAE","[Fam:LIBELLULIDAE]","Trithemis arteriosa",0,0,0,0,0,0,0,10,0,0
"1616","Odonata","LIBELLULIDAE","[Fam:LIBELLULIDAE]","Trithemis festiva",0,0,0,0,0,0,0,10,0,0
"1617","Odonata","LIBELLULIDAE","[Fam:LIBELLULIDAE]","Trithemis kirbyi",0,0,0,0,0,0,0,10,0,0
"1618","Odonata","LIBELLULIDAE","[Fam:LIBELLULIDAE]","Urothemis edwardsii",0,0,0,0,0,0,0,10,0,0
"1619","Odonata","LIBELLULIDAE","[Fam:LIBELLULIDAE]","Zygonyx torridus",0,0,0,0,0,0,0,10,0,0
"1620","Odonata","PLATYCNEMIDIDAE","[Fam:PLATYCNEMIDIDAE]","Platycnemis acutipennis",0,0,0,0,0,0,0,10,0,0
"1621","Odonata","PLATYCNEMIDIDAE","[Fam:PLATYCNEMIDIDAE]","Platycnemis dealbata",0,0,0,0,0,0,0,10,0,0
"1622","Odonata","PLATYCNEMIDIDAE","[Fam:PLATYCNEMIDIDAE]","Platycnemis kervillei",0,0,0,0,0,0,0,10,0,0
"1623","Odonata","PLATYCNEMIDIDAE","[Fam:PLATYCNEMIDIDAE]","Platycnemis latipes",0,0,0,0,0,0,0,10,0,0
"1624","Odonata","PLATYCNEMIDIDAE","[Fam:PLATYCNEMIDIDAE]","Platycnemis pennipes",0,0,0,0,0,0,0,10,0,0
"1625","Odonata","PLATYCNEMIDIDAE","[Fam:PLATYCNEMIDIDAE]","Platycnemis subdilatata",0,0,0,0,0,0,0,10,0,0
"1626","Planipennia","OSMYLIDAE","[Fam:OSMYLIDAE]","Osmylus fulvicephalus",0,0,0,0,0,0,0,10,0,0
"1627","Planipennia","SISYRIDAE","[Fam:SISYRIDAE]","Sisyra dalii",0,0,0,0,0,0,0,0,10,0
"1628","Planipennia","SISYRIDAE","[Fam:SISYRIDAE]","Sisyra dalii Ad.",0,0,0,0,0,0,0,0,0,10
"1629","Planipennia","SISYRIDAE","[Fam:SISYRIDAE]","Sisyra jutlandica",0,0,0,0,0,0,0,0,10,0
"1630","Planipennia","SISYRIDAE","[Fam:SISYRIDAE]","Sisyra jutlandica Ad.",0,0,0,0,0,0,0,0,0,10
"1631","Planipennia","SISYRIDAE","[Fam:SISYRIDAE]","Sisyra nigra",0,0,0,0,0,0,0,0,10,0
"1632","Planipennia","SISYRIDAE","[Fam:SISYRIDAE]","Sisyra nigra Ad.",0,0,0,0,0,0,0,0,0,10
"1633","Planipennia","SISYRIDAE","[Fam:SISYRIDAE]","Sisyra terminalis",0,0,0,0,0,0,0,0,10,0
"1634","Planipennia","SISYRIDAE","[Fam:SISYRIDAE]","Sisyra terminalis Ad.",0,0,0,0,0,0,0,0,0,10
"1635","Plecoptera","CAPNIIDAE","[Fam:CAPNIIDAE]","Capnia arensi",2,0,0,6,2,0,0,0,0,0
"1636","Plecoptera","CAPNIIDAE","[Fam:CAPNIIDAE]","Capnia atra",2,0,0,6,2,0,0,0,0,0
"1637","Plecoptera","CAPNIIDAE","[Fam:CAPNIIDAE]","Capnia nigra",1,0,0,4,5,0,0,0,0,0
"1638","Plecoptera","CAPNIIDAE","[Fam:CAPNIIDAE]","Capnia pygmaea",0,0,0,5,5,0,0,0,0,0
"1639","Plecoptera","CAPNIIDAE","[Fam:CAPNIIDAE]","Capnia vidua collarti",2,0,0,6,2,0,0,0,0,0
"1640","Plecoptera","CAPNIIDAE","[Fam:CAPNIIDAE]","Capnia vidua rilensis",2,0,0,6,2,0,0,0,0,0
"1641","Plecoptera","CAPNIIDAE","[Fam:CAPNIIDAE]","Capnia vidua vidua",2,0,0,6,2,0,0,0,0,0
"1642","Plecoptera","CAPNIIDAE","[Fam:CAPNIIDAE]","Capnia zaicevi",2,0,0,6,2,0,0,0,0,0
"1643","Plecoptera","CAPNIIDAE","[Fam:CAPNIIDAE]","Capnioneura aptera",2,0,0,6,2,0,0,0,0,0
"1644","Plecoptera","CAPNIIDAE","[Fam:CAPNIIDAE]","Capnioneura balkanica balkanica",2,0,0,6,2,0,0,0,0,0
"1645","Plecoptera","CAPNIIDAE","[Fam:CAPNIIDAE]","Capnioneura balkanica macedonica",2,0,0,6,2,0,0,0,0,0
"1646","Plecoptera","CAPNIIDAE","[Fam:CAPNIIDAE]","Capnioneura brachyptera",2,0,0,6,2,0,0,0,0,0
"1647","Plecoptera","CAPNIIDAE","[Fam:CAPNIIDAE]","Capnioneura caucasica",2,0,0,6,2,0,0,0,0,0
"1648","Plecoptera","CAPNIIDAE","[Fam:CAPNIIDAE]","Capnioneura gelesae",2,0,0,6,2,0,0,0,0,0
"1649","Plecoptera","CAPNIIDAE","[Fam:CAPNIIDAE]","Capnioneura libera",1,0,0,0,9,0,0,0,0,0
"1650","Plecoptera","CAPNIIDAE","[Fam:CAPNIIDAE]","Capnioneura mitis",3,0,0,6,1,0,0,0,0,0
"1651","Plecoptera","CAPNIIDAE","[Fam:CAPNIIDAE]","Capnioneura narcea",2,0,0,6,2,0,0,0,0,0
"1652","Plecoptera","CAPNIIDAE","[Fam:CAPNIIDAE]","Capnioneura nemuroides",2,0,0,6,2,0,0,0,0,0
"1653","Plecoptera","CAPNIIDAE","[Fam:CAPNIIDAE]","Capnioneura petitpierreae",3,0,0,0,7,0,0,0,0,0
"1654","Plecoptera","CAPNIIDAE","[Fam:CAPNIIDAE]","Capnioneura petricola",2,0,0,6,2,0,0,0,0,0
"1655","Plecoptera","CAPNIIDAE","[Fam:CAPNIIDAE]","Capnioneura valandovi",2,0,0,6,2,0,0,0,0,0
"1656","Plecoptera","CAPNIIDAE","[Fam:CAPNIIDAE]","Capnopsis schilleri balcanica",2,0,0,6,2,0,0,0,0,0
"1657","Plecoptera","CAPNIIDAE","[Fam:CAPNIIDAE]","Capnopsis schilleri schilleri",2,0,0,4,4,0,0,0,0,0
"1658","Plecoptera","CAPNIIDAE","[Fam:CAPNIIDAE]","Zwicknia bifrons",2,0,0,6,2,0,0,0,0,0
"1659","Plecoptera","CAPNIIDAE","[Fam:CAPNIIDAE]","Zwicknia sevanica",2,0,0,6,2,0,0,0,0,0
"1660","Plecoptera","CAPNIIDAE","[Fam:CAPNIIDAE]","Zwicknia tuberculata",2,0,0,6,2,0,0,0,0,0
"1661","Plecoptera","CHLOROPERLIDAE","[Fam:CHLOROPERLIDAE]","Chloroperla acuta",1,0,0,1,2,0,0,6,0,0
"1662","Plecoptera","CHLOROPERLIDAE","[Fam:CHLOROPERLIDAE]","Chloroperla brachyptera",1,0,0,1,2,0,0,6,0,0
"1663","Plecoptera","CHLOROPERLIDAE","[Fam:CHLOROPERLIDAE]","Chloroperla breviata",1,0,0,1,2,0,0,6,0,0
"1664","Plecoptera","CHLOROPERLIDAE","[Fam:CHLOROPERLIDAE]","Chloroperla kisi",1,0,0,1,2,0,0,6,0,0
"1665","Plecoptera","CHLOROPERLIDAE","[Fam:CHLOROPERLIDAE]","Chloroperla kosarovi",1,0,0,1,2,0,0,6,0,0
"1666","Plecoptera","CHLOROPERLIDAE","[Fam:CHLOROPERLIDAE]","Chloroperla nevada",1,0,0,1,2,0,0,6,0,0
"1667","Plecoptera","CHLOROPERLIDAE","[Fam:CHLOROPERLIDAE]","Chloroperla russevi",1,0,0,1,2,0,0,6,0,0
"1668","Plecoptera","CHLOROPERLIDAE","[Fam:CHLOROPERLIDAE]","Chloroperla susemicheli",1,0,0,1,2,0,0,6,0,0
"1669","Plecoptera","CHLOROPERLIDAE","[Fam:CHLOROPERLIDAE]","Chloroperla tripunctata",1,0,0,1,2,0,0,6,0,0
"1670","Plecoptera","CHLOROPERLIDAE","[Fam:CHLOROPERLIDAE]","Chloroperla zhiltzovae",1,0,0,1,2,0,0,6,0,0
"1671","Plecoptera","CHLOROPERLIDAE","[Fam:CHLOROPERLIDAE]","Isoptena serricornis",0,0,0,0,0,0,0,0,0,10
"1672","Plecoptera","CHLOROPERLIDAE","[Fam:CHLOROPERLIDAE]","Siphonoperla baetica",1,0,0,1,2,0,0,6,0,0
"1673","Plecoptera","CHLOROPERLIDAE","[Fam:CHLOROPERLIDAE]","Siphonoperla burmeisteri",1,0,0,1,2,0,0,6,0,0
"1674","Plecoptera","CHLOROPERLIDAE","[Fam:CHLOROPERLIDAE]","Siphonoperla graeca",1,0,0,1,2,0,0,6,0,0
"1675","Plecoptera","CHLOROPERLIDAE","[Fam:CHLOROPERLIDAE]","Siphonoperla hajastanica",1,0,0,1,2,0,0,6,0,0
"1676","Plecoptera","CHLOROPERLIDAE","[Fam:CHLOROPERLIDAE]","Siphonoperla lepineyi",1,0,0,1,2,0,0,6,0,0
"1677","Plecoptera","CHLOROPERLIDAE","[Fam:CHLOROPERLIDAE]","Siphonoperla libanica",1,0,0,1,2,0,0,6,0,0
"1678","Plecoptera","CHLOROPERLIDAE","[Fam:CHLOROPERLIDAE]","Siphonoperla montana",1,0,0,1,2,0,0,6,0,0
"1679","Plecoptera","CHLOROPERLIDAE","[Fam:CHLOROPERLIDAE]","Siphonoperla neglecta",1,0,0,1,2,0,0,6,0,0
"1680","Plecoptera","CHLOROPERLIDAE","[Fam:CHLOROPERLIDAE]","Siphonoperla ottomoogi",1,0,0,1,2,0,0,6,0,0
"1681","Plecoptera","CHLOROPERLIDAE","[Fam:CHLOROPERLIDAE]","Siphonoperla taurica",1,0,0,1,2,0,0,6,0,0
"1682","Plecoptera","CHLOROPERLIDAE","[Fam:CHLOROPERLIDAE]","Siphonoperla torrentium torrentium",1,0,0,1,2,0,0,6,0,0
"1683","Plecoptera","CHLOROPERLIDAE","[Fam:CHLOROPERLIDAE]","Siphonoperla torrentium transsylvanica",1,0,0,1,2,0,0,6,0,0
"1684","Plecoptera","CHLOROPERLIDAE","[Fam:CHLOROPERLIDAE]","Xanthoperla apicalis",1,0,0,1,2,0,0,6,0,0
"1685","Plecoptera","CHLOROPERLIDAE","[Fam:CHLOROPERLIDAE]","Xanthoperla yerkoyi",1,0,0,1,2,0,0,6,0,0
"1686","Plecoptera","LEUCTRIDAE","[Fam:LEUCTRIDAE]","Leuctra aculeata",3,0,0,3,4,0,0,0,0,0
"1687","Plecoptera","LEUCTRIDAE","[Fam:LEUCTRIDAE]","Leuctra aegaeica",3,0,0,3,4,0,0,0,0,0
"1688","Plecoptera","LEUCTRIDAE","[Fam:LEUCTRIDAE]","Leuctra albida",3,0,0,3,4,0,0,0,0,0
"1689","Plecoptera","LEUCTRIDAE","[Fam:LEUCTRIDAE]","Leuctra alosi",3,0,0,3,4,0,0,0,0,0
"1690","Plecoptera","LEUCTRIDAE","[Fam:LEUCTRIDAE]","Leuctra alpina",3,0,0,3,4,0,0,0,0,0
"1691","Plecoptera","LEUCTRIDAE","[Fam:LEUCTRIDAE]","Leuctra alticola",3,0,0,3,4,0,0,0,0,0
"1692","Plecoptera","LEUCTRIDAE","[Fam:LEUCTRIDAE]","Leuctra ameliae",3,0,0,3,4,0,0,0,0,0
"1693","Plecoptera","LEUCTRIDAE","[Fam:LEUCTRIDAE]","Leuctra anatolica",3,0,0,3,4,0,0,0,0,0
"1694","Plecoptera","LEUCTRIDAE","[Fam:LEUCTRIDAE]","Leuctra andalusiaca",3,0,0,3,4,0,0,0,0,0
"1695","Plecoptera","LEUCTRIDAE","[Fam:LEUCTRIDAE]","Leuctra annae",3,0,0,3,4,0,0,0,0,0
"1696","Plecoptera","LEUCTRIDAE","[Fam:LEUCTRIDAE]","Leuctra antalyana",3,0,0,3,4,0,0,0,0,0
"1697","Plecoptera","LEUCTRIDAE","[Fam:LEUCTRIDAE]","Leuctra apenninicola",3,0,0,3,4,0,0,0,0,0
"1698","Plecoptera","LEUCTRIDAE","[Fam:LEUCTRIDAE]","Leuctra aptera",3,0,0,3,4,0,0,0,0,0
"1699","Plecoptera","LEUCTRIDAE","[Fam:LEUCTRIDAE]","Leuctra archimedis",3,0,0,3,4,0,0,0,0,0
"1700","Plecoptera","LEUCTRIDAE","[Fam:LEUCTRIDAE]","Leuctra ariega",3,0,0,3,4,0,0,0,0,0
"1701","Plecoptera","LEUCTRIDAE","[Fam:LEUCTRIDAE]","Leuctra armata",3,0,0,3,4,0,0,0,0,0
"1702","Plecoptera","LEUCTRIDAE","[Fam:LEUCTRIDAE]","Leuctra artvinensis",3,0,0,3,4,0,0,0,0,0
"1703","Plecoptera","LEUCTRIDAE","[Fam:LEUCTRIDAE]","Leuctra aspoeckorum",3,0,0,3,4,0,0,0,0,0
"1704","Plecoptera","LEUCTRIDAE","[Fam:LEUCTRIDAE]","Leuctra astridae",3,0,0,3,4,0,0,0,0,0
"1705","Plecoptera","LEUCTRIDAE","[Fam:LEUCTRIDAE]","Leuctra auberti",3,0,0,3,4,0,0,0,0,0
"1706","Plecoptera","LEUCTRIDAE","[Fam:LEUCTRIDAE]","Leuctra auriensis",3,0,0,3,4,0,0,0,0,0
"1707","Plecoptera","LEUCTRIDAE","[Fam:LEUCTRIDAE]","Leuctra aurita",3,0,0,3,4,0,0,0,0,0
"1708","Plecoptera","LEUCTRIDAE","[Fam:LEUCTRIDAE]","Leuctra autumnalis",3,0,0,3,4,0,0,0,0,0
"1709","Plecoptera","LEUCTRIDAE","[Fam:LEUCTRIDAE]","Leuctra balcanica",3,0,0,3,4,0,0,0,0,0
"1710","Plecoptera","LEUCTRIDAE","[Fam:LEUCTRIDAE]","Leuctra balearica",3,0,0,3,4,0,0,0,0,0
"1711","Plecoptera","LEUCTRIDAE","[Fam:LEUCTRIDAE]","Leuctra berthelemyi",3,0,0,3,4,0,0,0,0,0
"1712","Plecoptera","LEUCTRIDAE","[Fam:LEUCTRIDAE]","Leuctra besucheti",3,0,0,3,4,0,0,0,0,0
"1713","Plecoptera","LEUCTRIDAE","[Fam:LEUCTRIDAE]","Leuctra bidula",3,0,0,3,4,0,0,0,0,0
"1714","Plecoptera","LEUCTRIDAE","[Fam:LEUCTRIDAE]","Leuctra boluensis",3,0,0,3,4,0,0,0,0,0
"1715","Plecoptera","LEUCTRIDAE","[Fam:LEUCTRIDAE]","Leuctra boreoni",3,0,0,3,4,0,0,0,0,0
"1716","Plecoptera","LEUCTRIDAE","[Fam:LEUCTRIDAE]","Leuctra bozi",3,0,0,3,4,0,0,0,0,0
"1717","Plecoptera","LEUCTRIDAE","[Fam:LEUCTRIDAE]","Leuctra brachyptera",3,0,0,3,4,0,0,0,0,0
"1718","Plecoptera","LEUCTRIDAE","[Fam:LEUCTRIDAE]","Leuctra braueri",3,0,0,3,4,0,0,0,0,0
"1719","Plecoptera","LEUCTRIDAE","[Fam:LEUCTRIDAE]","Leuctra brevipennis",3,0,0,3,4,0,0,0,0,0
"1720","Plecoptera","LEUCTRIDAE","[Fam:LEUCTRIDAE]","Leuctra bronislawi",3,0,0,3,4,0,0,0,0,0
"1721","Plecoptera","LEUCTRIDAE","[Fam:LEUCTRIDAE]","Leuctra budtzi",3,0,0,3,4,0,0,0,0,0
"1722","Plecoptera","LEUCTRIDAE","[Fam:LEUCTRIDAE]","Leuctra canavensis",3,0,0,3,4,0,0,0,0,0
"1723","Plecoptera","LEUCTRIDAE","[Fam:LEUCTRIDAE]","Leuctra candiae",3,0,0,3,4,0,0,0,0,0
"1724","Plecoptera","LEUCTRIDAE","[Fam:LEUCTRIDAE]","Leuctra caprai",3,0,0,3,4,0,0,0,0,0
"1725","Plecoptera","LEUCTRIDAE","[Fam:LEUCTRIDAE]","Leuctra carpathica",3,0,0,3,4,0,0,0,0,0
"1726","Plecoptera","LEUCTRIDAE","[Fam:LEUCTRIDAE]","Leuctra castillana",3,0,0,3,4,0,0,0,0,0
"1727","Plecoptera","LEUCTRIDAE","[Fam:LEUCTRIDAE]","Leuctra cazorlana",3,0,0,3,4,0,0,0,0,0
"1728","Plecoptera","LEUCTRIDAE","[Fam:LEUCTRIDAE]","Leuctra cingulata",3,0,0,3,4,0,0,0,0,0
"1729","Plecoptera","LEUCTRIDAE","[Fam:LEUCTRIDAE]","Leuctra clerguae",3,0,0,3,4,0,0,0,0,0
"1730","Plecoptera","LEUCTRIDAE","[Fam:LEUCTRIDAE]","Leuctra collaris",3,0,0,3,4,0,0,0,0,0
"1731","Plecoptera","LEUCTRIDAE","[Fam:LEUCTRIDAE]","Leuctra concii",3,0,0,3,4,0,0,0,0,0
"1732","Plecoptera","LEUCTRIDAE","[Fam:LEUCTRIDAE]","Leuctra costai",3,0,0,3,4,0,0,0,0,0
"1733","Plecoptera","LEUCTRIDAE","[Fam:LEUCTRIDAE]","Leuctra cretica",3,0,0,3,4,0,0,0,0,0
"1734","Plecoptera","LEUCTRIDAE","[Fam:LEUCTRIDAE]","Leuctra crimeana",3,0,0,3,4,0,0,0,0,0
"1735","Plecoptera","LEUCTRIDAE","[Fam:LEUCTRIDAE]","Leuctra cypria",3,0,0,3,4,0,0,0,0,0
"1736","Plecoptera","LEUCTRIDAE","[Fam:LEUCTRIDAE]","Leuctra cyrnea cyrnea",3,0,0,3,4,0,0,0,0,0
"1737","Plecoptera","LEUCTRIDAE","[Fam:LEUCTRIDAE]","Leuctra cyrnea incudensis",3,0,0,3,4,0,0,0,0,0
"1738","Plecoptera","LEUCTRIDAE","[Fam:LEUCTRIDAE]","Leuctra dalmoni",3,0,0,3,4,0,0,0,0,0
"1739","Plecoptera","LEUCTRIDAE","[Fam:LEUCTRIDAE]","Leuctra delamellata",3,0,0,3,4,0,0,0,0,0
"1740","Plecoptera","LEUCTRIDAE","[Fam:LEUCTRIDAE]","Leuctra despaxi",3,0,0,3,4,0,0,0,0,0
"1741","Plecoptera","LEUCTRIDAE","[Fam:LEUCTRIDAE]","Leuctra digitata",3,0,0,3,4,0,0,0,0,0
"1742","Plecoptera","LEUCTRIDAE","[Fam:LEUCTRIDAE]","Leuctra dispinata",3,0,0,3,4,0,0,0,0,0
"1743","Plecoptera","LEUCTRIDAE","[Fam:LEUCTRIDAE]","Leuctra dissimilis",3,0,0,3,4,0,0,0,0,0
"1744","Plecoptera","LEUCTRIDAE","[Fam:LEUCTRIDAE]","Leuctra dolasilla",3,0,0,3,4,0,0,0,0,0
"1745","Plecoptera","LEUCTRIDAE","[Fam:LEUCTRIDAE]","Leuctra dylani",3,0,0,3,4,0,0,0,0,0
"1746","Plecoptera","LEUCTRIDAE","[Fam:LEUCTRIDAE]","Leuctra elisabethae",3,0,0,3,4,0,0,0,0,0
"1747","Plecoptera","LEUCTRIDAE","[Fam:LEUCTRIDAE]","Leuctra espanoli",3,0,0,3,4,0,0,0,0,0
"1748","Plecoptera","LEUCTRIDAE","[Fam:LEUCTRIDAE]","Leuctra estrela",3,0,0,3,4,0,0,0,0,0
"1749","Plecoptera","LEUCTRIDAE","[Fam:LEUCTRIDAE]","Leuctra festai",3,0,0,3,4,0,0,0,0,0
"1750","Plecoptera","LEUCTRIDAE","[Fam:LEUCTRIDAE]","Leuctra flavomaculata",3,0,0,3,4,0,0,0,0,0
"1751","Plecoptera","LEUCTRIDAE","[Fam:LEUCTRIDAE]","Leuctra franzi",3,0,0,3,4,0,0,0,0,0
"1752","Plecoptera","LEUCTRIDAE","[Fam:LEUCTRIDAE]","Leuctra fraterna",3,0,0,3,4,0,0,0,0,0
"1753","Plecoptera","LEUCTRIDAE","[Fam:LEUCTRIDAE]","Leuctra furcatella",3,0,0,3,4,0,0,0,0,0
"1754","Plecoptera","LEUCTRIDAE","[Fam:LEUCTRIDAE]","Leuctra fusca fusca",3,0,0,3,4,0,0,0,0,0
"1755","Plecoptera","LEUCTRIDAE","[Fam:LEUCTRIDAE]","Leuctra fusca latior",3,0,0,3,4,0,0,0,0,0
"1756","Plecoptera","LEUCTRIDAE","[Fam:LEUCTRIDAE]","Leuctra gallaeca",3,0,0,3,4,0,0,0,0,0
"1757","Plecoptera","LEUCTRIDAE","[Fam:LEUCTRIDAE]","Leuctra gallica",3,0,0,3,4,0,0,0,0,0
"1758","Plecoptera","LEUCTRIDAE","[Fam:LEUCTRIDAE]","Leuctra gardinii",3,0,0,3,4,0,0,0,0,0
"1759","Plecoptera","LEUCTRIDAE","[Fam:LEUCTRIDAE]","Leuctra garumna",3,0,0,3,4,0,0,0,0,0
"1760","Plecoptera","LEUCTRIDAE","[Fam:LEUCTRIDAE]","Leuctra geniculata",2,0,0,2,5,0,0,1,0,0
"1761","Plecoptera","LEUCTRIDAE","[Fam:LEUCTRIDAE]","Leuctra graeca",3,0,0,3,4,0,0,0,0,0
"1762","Plecoptera","LEUCTRIDAE","[Fam:LEUCTRIDAE]","Leuctra handlirschi",3,0,0,3,4,0,0,0,0,0
"1763","Plecoptera","LEUCTRIDAE","[Fam:LEUCTRIDAE]","Leuctra helenae",3,0,0,3,4,0,0,0,0,0
"1764","Plecoptera","LEUCTRIDAE","[Fam:LEUCTRIDAE]","Leuctra helvetica",3,0,0,3,4,0,0,0,0,0
"1765","Plecoptera","LEUCTRIDAE","[Fam:LEUCTRIDAE]","Leuctra hexacantha",3,0,0,3,4,0,0,0,0,0
"1766","Plecoptera","LEUCTRIDAE","[Fam:LEUCTRIDAE]","Leuctra hexacanthoides",3,0,0,3,4,0,0,0,0,0
"1767","Plecoptera","LEUCTRIDAE","[Fam:LEUCTRIDAE]","Leuctra hiberiaca",3,0,0,3,4,0,0,0,0,0
"1768","Plecoptera","LEUCTRIDAE","[Fam:LEUCTRIDAE]","Leuctra hippopoides",3,0,0,3,4,0,0,0,0,0
"1769","Plecoptera","LEUCTRIDAE","[Fam:LEUCTRIDAE]","Leuctra hippopus",3,0,0,3,4,0,0,0,0,0
"1770","Plecoptera","LEUCTRIDAE","[Fam:LEUCTRIDAE]","Leuctra hirsuta",3,0,0,3,4,0,0,0,0,0
"1771","Plecoptera","LEUCTRIDAE","[Fam:LEUCTRIDAE]","Leuctra hispanica",3,0,0,3,4,0,0,0,0,0
"1772","Plecoptera","LEUCTRIDAE","[Fam:LEUCTRIDAE]","Leuctra iliberis",3,0,0,3,4,0,0,0,0,0
"1773","Plecoptera","LEUCTRIDAE","[Fam:LEUCTRIDAE]","Leuctra illiesi",3,0,0,3,4,0,0,0,0,0
"1774","Plecoptera","LEUCTRIDAE","[Fam:LEUCTRIDAE]","Leuctra inermis",3,0,0,3,4,0,0,0,0,0
"1775","Plecoptera","LEUCTRIDAE","[Fam:LEUCTRIDAE]","Leuctra insubrica",3,0,0,3,4,0,0,0,0,0
"1776","Plecoptera","LEUCTRIDAE","[Fam:LEUCTRIDAE]","Leuctra istenicae",3,0,0,3,4,0,0,0,0,0
"1777","Plecoptera","LEUCTRIDAE","[Fam:LEUCTRIDAE]","Leuctra jahorinensis",3,0,0,3,4,0,0,0,0,0
"1778","Plecoptera","LEUCTRIDAE","[Fam:LEUCTRIDAE]","Leuctra joani",3,0,0,3,4,0,0,0,0,0
"1779","Plecoptera","LEUCTRIDAE","[Fam:LEUCTRIDAE]","Leuctra joosti",3,0,0,3,4,0,0,0,0,0
"1780","Plecoptera","LEUCTRIDAE","[Fam:LEUCTRIDAE]","Leuctra karcali",3,0,0,3,4,0,0,0,0,0
"1781","Plecoptera","LEUCTRIDAE","[Fam:LEUCTRIDAE]","Leuctra kempnyi",3,0,0,3,4,0,0,0,0,0
"1782","Plecoptera","LEUCTRIDAE","[Fam:LEUCTRIDAE]","Leuctra ketamensis",3,0,0,3,4,0,0,0,0,0
"1783","Plecoptera","LEUCTRIDAE","[Fam:LEUCTRIDAE]","Leuctra khroumiriensis",3,0,0,3,4,0,0,0,0,0
"1784","Plecoptera","LEUCTRIDAE","[Fam:LEUCTRIDAE]","Leuctra kumanskii",3,0,0,3,4,0,0,0,0,0
"1785","Plecoptera","LEUCTRIDAE","[Fam:LEUCTRIDAE]","Leuctra kurui",3,0,0,3,4,0,0,0,0,0
"1786","Plecoptera","LEUCTRIDAE","[Fam:LEUCTRIDAE]","Leuctra kykladica",3,0,0,3,4,0,0,0,0,0
"1787","Plecoptera","LEUCTRIDAE","[Fam:LEUCTRIDAE]","Leuctra lamellosa",3,0,0,3,4,0,0,0,0,0
"1788","Plecoptera","LEUCTRIDAE","[Fam:LEUCTRIDAE]","Leuctra leptogaster",3,0,0,3,4,0,0,0,0,0
"1789","Plecoptera","LEUCTRIDAE","[Fam:LEUCTRIDAE]","Leuctra ligurica",3,0,0,3,4,0,0,0,0,0
"1790","Plecoptera","LEUCTRIDAE","[Fam:LEUCTRIDAE]","Leuctra lusitanica",3,0,0,3,4,0,0,0,0,0
"1791","Plecoptera","LEUCTRIDAE","[Fam:LEUCTRIDAE]","Leuctra madritensis",3,0,0,3,4,0,0,0,0,0
"1792","Plecoptera","LEUCTRIDAE","[Fam:LEUCTRIDAE]","Leuctra major",3,0,0,3,4,0,0,0,0,0
"1793","Plecoptera","LEUCTRIDAE","[Fam:LEUCTRIDAE]","Leuctra malcor",3,0,0,3,4,0,0,0,0,0
"1794","Plecoptera","LEUCTRIDAE","[Fam:LEUCTRIDAE]","Leuctra malickyi",3,0,0,3,4,0,0,0,0,0
"1795","Plecoptera","LEUCTRIDAE","[Fam:LEUCTRIDAE]","Leuctra marani",3,0,0,3,4,0,0,0,0,0
"1796","Plecoptera","LEUCTRIDAE","[Fam:LEUCTRIDAE]","Leuctra marilouae",3,0,0,3,4,0,0,0,0,0
"1797","Plecoptera","LEUCTRIDAE","[Fam:LEUCTRIDAE]","Leuctra marinettae",3,0,0,3,4,0,0,0,0,0
"1798","Plecoptera","LEUCTRIDAE","[Fam:LEUCTRIDAE]","Leuctra maroccana",3,0,0,3,4,0,0,0,0,0
"1799","Plecoptera","LEUCTRIDAE","[Fam:LEUCTRIDAE]","Leuctra martynovi",3,0,0,3,4,0,0,0,0,0
"1800","Plecoptera","LEUCTRIDAE","[Fam:LEUCTRIDAE]","Leuctra medjerdensis",3,0,0,3,4,0,0,0,0,0
"1801","Plecoptera","LEUCTRIDAE","[Fam:LEUCTRIDAE]","Leuctra meridionalis",3,0,0,3,4,0,0,0,0,0
"1802","Plecoptera","LEUCTRIDAE","[Fam:LEUCTRIDAE]","Leuctra metsovonica",3,0,0,3,4,0,0,0,0,0
"1803","Plecoptera","LEUCTRIDAE","[Fam:LEUCTRIDAE]","Leuctra microstyla microstyla",3,0,0,3,4,0,0,0,0,0
"1804","Plecoptera","LEUCTRIDAE","[Fam:LEUCTRIDAE]","Leuctra microstyla nalon",3,0,0,3,4,0,0,0,0,0
"1805","Plecoptera","LEUCTRIDAE","[Fam:LEUCTRIDAE]","Leuctra microstyla saja",3,0,0,3,4,0,0,0,0,0
"1806","Plecoptera","LEUCTRIDAE","[Fam:LEUCTRIDAE]","Leuctra minoica",3,0,0,3,4,0,0,0,0,0
"1807","Plecoptera","LEUCTRIDAE","[Fam:LEUCTRIDAE]","Leuctra minuta bursaensis",3,0,0,3,4,0,0,0,0,0
"1808","Plecoptera","LEUCTRIDAE","[Fam:LEUCTRIDAE]","Leuctra minuta kastamonui",3,0,0,3,4,0,0,0,0,0
"1809","Plecoptera","LEUCTRIDAE","[Fam:LEUCTRIDAE]","Leuctra minuta minuta",3,0,0,3,4,0,0,0,0,0
"1810","Plecoptera","LEUCTRIDAE","[Fam:LEUCTRIDAE]","Leuctra moreae",3,0,0,3,4,0,0,0,0,0
"1811","Plecoptera","LEUCTRIDAE","[Fam:LEUCTRIDAE]","Leuctra mortoni feheri",3,0,0,3,4,0,0,0,0,0
"1812","Plecoptera","LEUCTRIDAE","[Fam:LEUCTRIDAE]","Leuctra mortoni mortoni",3,0,0,3,4,0,0,0,0,0
"1813","Plecoptera","LEUCTRIDAE","[Fam:LEUCTRIDAE]","Leuctra moselyi",3,0,0,3,4,0,0,0,0,0
"1814","Plecoptera","LEUCTRIDAE","[Fam:LEUCTRIDAE]","Leuctra nigra",3,0,0,3,4,0,0,0,0,0
"1815","Plecoptera","LEUCTRIDAE","[Fam:LEUCTRIDAE]","Leuctra niveola",3,0,0,3,4,0,0,0,0,0
"1816","Plecoptera","LEUCTRIDAE","[Fam:LEUCTRIDAE]","Leuctra occitana",3,0,0,3,4,0,0,0,0,0
"1817","Plecoptera","LEUCTRIDAE","[Fam:LEUCTRIDAE]","Leuctra olympia",3,0,0,3,4,0,0,0,0,0
"1818","Plecoptera","LEUCTRIDAE","[Fam:LEUCTRIDAE]","Leuctra pasquinii",3,0,0,3,4,0,0,0,0,0
"1819","Plecoptera","LEUCTRIDAE","[Fam:LEUCTRIDAE]","Leuctra prima",3,0,0,3,4,0,0,0,0,0
"1820","Plecoptera","LEUCTRIDAE","[Fam:LEUCTRIDAE]","Leuctra pseudocingulata",3,0,0,3,4,0,0,0,0,0
"1821","Plecoptera","LEUCTRIDAE","[Fam:LEUCTRIDAE]","Leuctra pseudocylindrica",3,0,0,3,4,0,0,0,0,0
"1822","Plecoptera","LEUCTRIDAE","[Fam:LEUCTRIDAE]","Leuctra pseudohippopus",3,0,0,3,4,0,0,0,0,0
"1823","Plecoptera","LEUCTRIDAE","[Fam:LEUCTRIDAE]","Leuctra pseudorosinae",3,0,0,3,4,0,0,0,0,0
"1824","Plecoptera","LEUCTRIDAE","[Fam:LEUCTRIDAE]","Leuctra pseudosignifera",3,0,0,3,4,0,0,0,0,0
"1825","Plecoptera","LEUCTRIDAE","[Fam:LEUCTRIDAE]","Leuctra pusilla",3,0,0,3,4,0,0,0,0,0
"1826","Plecoptera","LEUCTRIDAE","[Fam:LEUCTRIDAE]","Leuctra quadrimaculata",3,0,0,3,4,0,0,0,0,0
"1827","Plecoptera","LEUCTRIDAE","[Fam:LEUCTRIDAE]","Leuctra queyrassiana orsiera",3,0,0,3,4,0,0,0,0,0
"1828","Plecoptera","LEUCTRIDAE","[Fam:LEUCTRIDAE]","Leuctra queyrassiana queyrassiana",3,0,0,3,4,0,0,0,0,0
"1829","Plecoptera","LEUCTRIDAE","[Fam:LEUCTRIDAE]","Leuctra rauscheri",3,0,0,3,4,0,0,0,0,0
"1830","Plecoptera","LEUCTRIDAE","[Fam:LEUCTRIDAE]","Leuctra ravizzai",3,0,0,3,4,0,0,0,0,0
"1831","Plecoptera","LEUCTRIDAE","[Fam:LEUCTRIDAE]","Leuctra rhodoica",3,0,0,3,4,0,0,0,0,0
"1832","Plecoptera","LEUCTRIDAE","[Fam:LEUCTRIDAE]","Leuctra rosinae",3,0,0,3,4,0,0,0,0,0
"1833","Plecoptera","LEUCTRIDAE","[Fam:LEUCTRIDAE]","Leuctra sanainica",3,0,0,3,4,0,0,0,0,0
"1834","Plecoptera","LEUCTRIDAE","[Fam:LEUCTRIDAE]","Leuctra sartorii",3,0,0,3,4,0,0,0,0,0
"1835","Plecoptera","LEUCTRIDAE","[Fam:LEUCTRIDAE]","Leuctra schistocerca",3,0,0,3,4,0,0,0,0,0
"1836","Plecoptera","LEUCTRIDAE","[Fam:LEUCTRIDAE]","Leuctra schmidi",3,0,0,3,4,0,0,0,0,0
"1837","Plecoptera","LEUCTRIDAE","[Fam:LEUCTRIDAE]","Leuctra sesvenna",3,0,0,3,4,0,0,0,0,0
"1838","Plecoptera","LEUCTRIDAE","[Fam:LEUCTRIDAE]","Leuctra signifera",3,0,0,3,4,0,0,0,0,0
"1839","Plecoptera","LEUCTRIDAE","[Fam:LEUCTRIDAE]","Leuctra silana",3,0,0,3,4,0,0,0,0,0
"1840","Plecoptera","LEUCTRIDAE","[Fam:LEUCTRIDAE]","Leuctra simplex",3,0,0,3,4,0,0,0,0,0
"1841","Plecoptera","LEUCTRIDAE","[Fam:LEUCTRIDAE]","Leuctra sipahilerae",3,0,0,3,4,0,0,0,0,0
"1842","Plecoptera","LEUCTRIDAE","[Fam:LEUCTRIDAE]","Leuctra stupeningi",3,0,0,3,4,0,0,0,0,0
"1843","Plecoptera","LEUCTRIDAE","[Fam:LEUCTRIDAE]","Leuctra subalpina",3,0,0,3,4,0,0,0,0,0
"1844","Plecoptera","LEUCTRIDAE","[Fam:LEUCTRIDAE]","Leuctra svanetica",3,0,0,3,4,0,0,0,0,0
"1845","Plecoptera","LEUCTRIDAE","[Fam:LEUCTRIDAE]","Leuctra tarnogradskii",3,0,0,3,4,0,0,0,0,0
"1846","Plecoptera","LEUCTRIDAE","[Fam:LEUCTRIDAE]","Leuctra teriolensis",3,0,0,3,4,0,0,0,0,0
"1847","Plecoptera","LEUCTRIDAE","[Fam:LEUCTRIDAE]","Leuctra theischingeri",3,0,0,3,4,0,0,0,0,0
"1848","Plecoptera","LEUCTRIDAE","[Fam:LEUCTRIDAE]","Leuctra thomasi",3,0,0,3,4,0,0,0,0,0
"1849","Plecoptera","LEUCTRIDAE","[Fam:LEUCTRIDAE]","Leuctra torrenticola",3,0,0,3,4,0,0,0,0,0
"1850","Plecoptera","LEUCTRIDAE","[Fam:LEUCTRIDAE]","Leuctra transsylvanica",3,0,0,3,4,0,0,0,0,0
"1851","Plecoptera","LEUCTRIDAE","[Fam:LEUCTRIDAE]","Leuctra tunisica",3,0,0,3,4,0,0,0,0,0
"1852","Plecoptera","LEUCTRIDAE","[Fam:LEUCTRIDAE]","Leuctra uncinata",3,0,0,3,4,0,0,0,0,0
"1853","Plecoptera","LEUCTRIDAE","[Fam:LEUCTRIDAE]","Leuctra vaillanti",3,0,0,3,4,0,0,0,0,0
"1854","Plecoptera","LEUCTRIDAE","[Fam:LEUCTRIDAE]","Leuctra vesulensis",3,0,0,3,4,0,0,0,0,0
"1855","Plecoptera","LEUCTRIDAE","[Fam:LEUCTRIDAE]","Leuctra vinconi aubertorum",3,0,0,3,4,0,0,0,0,0
"1856","Plecoptera","LEUCTRIDAE","[Fam:LEUCTRIDAE]","Leuctra vinconi vinconi",3,0,0,3,4,0,0,0,0,0
"1857","Plecoptera","LEUCTRIDAE","[Fam:LEUCTRIDAE]","Leuctra wilmae",3,0,0,3,4,0,0,0,0,0
"1858","Plecoptera","LEUCTRIDAE","[Fam:LEUCTRIDAE]","Leuctra zangezurica",3,0,0,3,4,0,0,0,0,0
"1859","Plecoptera","LEUCTRIDAE","[Fam:LEUCTRIDAE]","Leuctra zhiltzovae",3,0,0,3,4,0,0,0,0,0
"1860","Plecoptera","LEUCTRIDAE","[Fam:LEUCTRIDAE]","Leuctra zwicki",3,0,0,3,4,0,0,0,0,0
"1861","Plecoptera","LEUCTRIDAE","[Fam:LEUCTRIDAE]","Pachyleuctra benllochi",0,0,0,8,2,0,0,0,0,0
"1862","Plecoptera","LEUCTRIDAE","[Fam:LEUCTRIDAE]","Pachyleuctra bertrandi",0,0,0,8,2,0,0,0,0,0
"1863","Plecoptera","LEUCTRIDAE","[Fam:LEUCTRIDAE]","Pachyleuctra ribauti",0,0,0,8,2,0,0,0,0,0
"1864","Plecoptera","LEUCTRIDAE","[Fam:LEUCTRIDAE]","Tyrrhenoleuctra minuta",0,0,0,0,10,0,0,0,0,0
"1865","Plecoptera","LEUCTRIDAE","[Fam:LEUCTRIDAE]","Tyrrhenoleuctra tangerina",0,0,0,0,10,0,0,0,0,0
"1866","Plecoptera","LEUCTRIDAE","[Fam:LEUCTRIDAE]","Tyrrhenoleuctra zavattarii",0,0,0,0,10,0,0,0,0,0
"1867","Plecoptera","NEMOURIDAE","[Fam:NEMOURIDAE]","Amphinemura arcadia",5,0,0,2,3,0,0,0,0,0
"1868","Plecoptera","NEMOURIDAE","[Fam:NEMOURIDAE]","Amphinemura borealis",5,0,0,2,3,0,0,0,0,0
"1869","Plecoptera","NEMOURIDAE","[Fam:NEMOURIDAE]","Amphinemura chiffensis",5,0,0,2,3,0,0,0,0,0
"1870","Plecoptera","NEMOURIDAE","[Fam:NEMOURIDAE]","Amphinemura guadarramensis",5,0,0,2,3,0,0,0,0,0
"1871","Plecoptera","NEMOURIDAE","[Fam:NEMOURIDAE]","Amphinemura hibernatarii",5,0,0,2,3,0,0,0,0,0
"1872","Plecoptera","NEMOURIDAE","[Fam:NEMOURIDAE]","Amphinemura mirabilis",5,0,0,2,3,0,0,0,0,0
"1873","Plecoptera","NEMOURIDAE","[Fam:NEMOURIDAE]","Amphinemura ohridana",5,0,0,2,3,0,0,0,0,0
"1874","Plecoptera","NEMOURIDAE","[Fam:NEMOURIDAE]","Amphinemura palmeni",5,0,0,2,3,0,0,0,0,0
"1875","Plecoptera","NEMOURIDAE","[Fam:NEMOURIDAE]","Amphinemura quadrangularis",5,0,0,2,3,0,0,0,0,0
"1876","Plecoptera","NEMOURIDAE","[Fam:NEMOURIDAE]","Amphinemura sperchiana",5,0,0,2,3,0,0,0,0,0
"1877","Plecoptera","NEMOURIDAE","[Fam:NEMOURIDAE]","Amphinemura standfussi",5,0,0,2,3,0,0,0,0,0
"1878","Plecoptera","NEMOURIDAE","[Fam:NEMOURIDAE]","Amphinemura sulcicollis",3,0,0,3,4,0,0,0,0,0
"1879","Plecoptera","NEMOURIDAE","[Fam:NEMOURIDAE]","Amphinemura trialetica",5,0,0,2,3,0,0,0,0,0
"1880","Plecoptera","NEMOURIDAE","[Fam:NEMOURIDAE]","Amphinemura triangularis",3,0,0,2,5,0,0,0,0,0
"1881","Plecoptera","NEMOURIDAE","[Fam:NEMOURIDAE]","Nemoura aetolica",0,0,0,7,3,0,0,0,0,0
"1882","Plecoptera","NEMOURIDAE","[Fam:NEMOURIDAE]","Nemoura anas",0,0,0,7,3,0,0,0,0,0
"1883","Plecoptera","NEMOURIDAE","[Fam:NEMOURIDAE]","Nemoura apollo",0,0,0,7,3,0,0,0,0,0
"1884","Plecoptera","NEMOURIDAE","[Fam:NEMOURIDAE]","Nemoura arctica",0,0,0,7,3,0,0,0,0,0
"1885","Plecoptera","NEMOURIDAE","[Fam:NEMOURIDAE]","Nemoura asceta",0,0,0,7,3,0,0,0,0,0
"1886","Plecoptera","NEMOURIDAE","[Fam:NEMOURIDAE]","Nemoura avicularis",0,0,0,7,3,0,0,0,0,0
"1887","Plecoptera","NEMOURIDAE","[Fam:NEMOURIDAE]","Nemoura babiagorensis",0,0,0,7,3,0,0,0,0,0
"1888","Plecoptera","NEMOURIDAE","[Fam:NEMOURIDAE]","Nemoura braaschi",0,0,0,7,3,0,0,0,0,0
"1889","Plecoptera","NEMOURIDAE","[Fam:NEMOURIDAE]","Nemoura brevipennis",0,0,0,7,3,0,0,0,0,0
"1890","Plecoptera","NEMOURIDAE","[Fam:NEMOURIDAE]","Nemoura bulgarica",0,0,0,7,3,0,0,0,0,0
"1891","Plecoptera","NEMOURIDAE","[Fam:NEMOURIDAE]","Nemoura caligula",0,0,0,7,3,0,0,0,0,0
"1892","Plecoptera","NEMOURIDAE","[Fam:NEMOURIDAE]","Nemoura cambrica",0,0,0,7,3,0,0,0,0,0
"1893","Plecoptera","NEMOURIDAE","[Fam:NEMOURIDAE]","Nemoura carpathica",0,0,0,7,3,0,0,0,0,0
"1894","Plecoptera","NEMOURIDAE","[Fam:NEMOURIDAE]","Nemoura ceciliae",0,0,0,7,3,0,0,0,0,0
"1895","Plecoptera","NEMOURIDAE","[Fam:NEMOURIDAE]","Nemoura cinerea cinerea",1,0,0,4,5,0,0,0,0,0
"1896","Plecoptera","NEMOURIDAE","[Fam:NEMOURIDAE]","Nemoura cinerea selene",0,0,0,7,3,0,0,0,0,0
"1897","Plecoptera","NEMOURIDAE","[Fam:NEMOURIDAE]","Nemoura cinerea turcica",0,0,0,7,3,0,0,0,0,0
"1898","Plecoptera","NEMOURIDAE","[Fam:NEMOURIDAE]","Nemoura confusa",0,0,0,7,3,0,0,0,0,0
"1899","Plecoptera","NEMOURIDAE","[Fam:NEMOURIDAE]","Nemoura dromokeryx",0,0,0,7,3,0,0,0,0,0
"1900","Plecoptera","NEMOURIDAE","[Fam:NEMOURIDAE]","Nemoura dubitans",0,0,0,7,3,0,0,0,0,0
"1901","Plecoptera","NEMOURIDAE","[Fam:NEMOURIDAE]","Nemoura elegantula",0,0,0,7,3,0,0,0,0,0
"1902","Plecoptera","NEMOURIDAE","[Fam:NEMOURIDAE]","Nemoura erratica",0,0,0,7,3,0,0,0,0,0
"1903","Plecoptera","NEMOURIDAE","[Fam:NEMOURIDAE]","Nemoura flaviscapa",0,0,0,7,3,0,0,0,0,0
"1904","Plecoptera","NEMOURIDAE","[Fam:NEMOURIDAE]","Nemoura flexuosa",0,0,0,7,3,0,0,0,0,0
"1905","Plecoptera","NEMOURIDAE","[Fam:NEMOURIDAE]","Nemoura fulviceps",0,0,0,7,3,0,0,0,0,0
"1906","Plecoptera","NEMOURIDAE","[Fam:NEMOURIDAE]","Nemoura fusca",0,0,0,7,3,0,0,0,0,0
"1907","Plecoptera","NEMOURIDAE","[Fam:NEMOURIDAE]","Nemoura hamata",0,0,0,7,3,0,0,0,0,0
"1908","Plecoptera","NEMOURIDAE","[Fam:NEMOURIDAE]","Nemoura hesperiae",0,0,0,7,3,0,0,0,0,0
"1909","Plecoptera","NEMOURIDAE","[Fam:NEMOURIDAE]","Nemoura illiesi",0,0,0,7,3,0,0,0,0,0
"1910","Plecoptera","NEMOURIDAE","[Fam:NEMOURIDAE]","Nemoura kownackorum",0,0,0,7,3,0,0,0,0,0
"1911","Plecoptera","NEMOURIDAE","[Fam:NEMOURIDAE]","Nemoura lacustris",2,0,0,0,8,0,0,0,0,0
"1912","Plecoptera","NEMOURIDAE","[Fam:NEMOURIDAE]","Nemoura linguata",0,0,0,7,3,0,0,0,0,0
"1913","Plecoptera","NEMOURIDAE","[Fam:NEMOURIDAE]","Nemoura longicauda",0,0,0,7,3,0,0,0,0,0
"1914","Plecoptera","NEMOURIDAE","[Fam:NEMOURIDAE]","Nemoura lucana",0,0,0,7,3,0,0,0,0,0
"1915","Plecoptera","NEMOURIDAE","[Fam:NEMOURIDAE]","Nemoura marginata",0,0,0,7,3,0,0,0,0,0
"1916","Plecoptera","NEMOURIDAE","[Fam:NEMOURIDAE]","Nemoura martynovia",0,0,0,7,3,0,0,0,0,0
"1917","Plecoptera","NEMOURIDAE","[Fam:NEMOURIDAE]","Nemoura minima",0,0,0,7,3,0,0,0,0,0
"1918","Plecoptera","NEMOURIDAE","[Fam:NEMOURIDAE]","Nemoura monae",0,0,0,7,3,0,0,0,0,0
"1919","Plecoptera","NEMOURIDAE","[Fam:NEMOURIDAE]","Nemoura monticola",0,0,0,7,3,0,0,0,0,0
"1920","Plecoptera","NEMOURIDAE","[Fam:NEMOURIDAE]","Nemoura mortoni",1,0,0,2,7,0,0,0,0,0
"1921","Plecoptera","NEMOURIDAE","[Fam:NEMOURIDAE]","Nemoura moselyi",0,0,0,7,3,0,0,0,0,0
"1922","Plecoptera","NEMOURIDAE","[Fam:NEMOURIDAE]","Nemoura navasi",0,0,0,7,3,0,0,0,0,0
"1923","Plecoptera","NEMOURIDAE","[Fam:NEMOURIDAE]","Nemoura obtusa",0,0,0,7,3,0,0,0,0,0
"1924","Plecoptera","NEMOURIDAE","[Fam:NEMOURIDAE]","Nemoura oropensis",0,0,0,7,3,0,0,0,0,0
"1925","Plecoptera","NEMOURIDAE","[Fam:NEMOURIDAE]","Nemoura ovoidalis",0,0,0,7,3,0,0,0,0,0
"1926","Plecoptera","NEMOURIDAE","[Fam:NEMOURIDAE]","Nemoura pallida",0,0,0,7,3,0,0,0,0,0
"1927","Plecoptera","NEMOURIDAE","[Fam:NEMOURIDAE]","Nemoura palliventris",0,0,0,7,3,0,0,0,0,0
"1928","Plecoptera","NEMOURIDAE","[Fam:NEMOURIDAE]","Nemoura peristeri",0,0,0,7,3,0,0,0,0,0
"1929","Plecoptera","NEMOURIDAE","[Fam:NEMOURIDAE]","Nemoura pesarinii",0,0,0,7,3,0,0,0,0,0
"1930","Plecoptera","NEMOURIDAE","[Fam:NEMOURIDAE]","Nemoura pirinensis",0,0,0,7,3,0,0,0,0,0
"1931","Plecoptera","NEMOURIDAE","[Fam:NEMOURIDAE]","Nemoura pseudoerratica",0,0,0,7,3,0,0,0,0,0
"1932","Plecoptera","NEMOURIDAE","[Fam:NEMOURIDAE]","Nemoura pygmaea",0,0,0,7,3,0,0,0,0,0
"1933","Plecoptera","NEMOURIDAE","[Fam:NEMOURIDAE]","Nemoura rifensis",0,0,0,7,3,0,0,0,0,0
"1934","Plecoptera","NEMOURIDAE","[Fam:NEMOURIDAE]","Nemoura rivorum",0,0,0,7,3,0,0,0,0,0
"1935","Plecoptera","NEMOURIDAE","[Fam:NEMOURIDAE]","Nemoura sahlbergi",0,0,0,6,4,0,0,0,0,0
"1936","Plecoptera","NEMOURIDAE","[Fam:NEMOURIDAE]","Nemoura sciurus",0,0,0,7,3,0,0,0,0,0
"1937","Plecoptera","NEMOURIDAE","[Fam:NEMOURIDAE]","Nemoura sinuata",0,0,0,7,3,0,0,0,0,0
"1938","Plecoptera","NEMOURIDAE","[Fam:NEMOURIDAE]","Nemoura subtilis",0,0,0,7,3,0,0,0,0,0
"1939","Plecoptera","NEMOURIDAE","[Fam:NEMOURIDAE]","Nemoura taurica",0,0,0,7,3,0,0,0,0,0
"1940","Plecoptera","NEMOURIDAE","[Fam:NEMOURIDAE]","Nemoura transsylvanica",0,0,0,7,3,0,0,0,0,0
"1941","Plecoptera","NEMOURIDAE","[Fam:NEMOURIDAE]","Nemoura uncinata",0,0,0,7,3,0,0,0,0,0
"1942","Plecoptera","NEMOURIDAE","[Fam:NEMOURIDAE]","Nemoura undulata",0,0,0,7,3,0,0,0,0,0
"1943","Plecoptera","NEMOURIDAE","[Fam:NEMOURIDAE]","Nemoura viki",0,0,0,7,3,0,0,0,0,0
"1944","Plecoptera","NEMOURIDAE","[Fam:NEMOURIDAE]","Nemoura vinconi",0,0,0,7,3,0,0,0,0,0
"1945","Plecoptera","NEMOURIDAE","[Fam:NEMOURIDAE]","Nemoura wittmeri",0,0,0,7,3,0,0,0,0,0
"1946","Plecoptera","NEMOURIDAE","[Fam:NEMOURIDAE]","Nemoura xistralensis",0,0,0,7,3,0,0,0,0,0
"1947","Plecoptera","NEMOURIDAE","[Fam:NEMOURIDAE]","Nemoura zwicki",0,0,0,7,3,0,0,0,0,0
"1948","Plecoptera","NEMOURIDAE","[Fam:NEMOURIDAE]","Nemurella pictetii",2,0,0,4,4,0,0,0,0,0
"1949","Plecoptera","NEMOURIDAE","[Fam:NEMOURIDAE]","Protonemura abchasica",3,0,0,5,2,0,0,0,0,0
"1950","Plecoptera","NEMOURIDAE","[Fam:NEMOURIDAE]","Protonemura aculeata",3,0,0,5,2,0,0,0,0,0
"1951","Plecoptera","NEMOURIDAE","[Fam:NEMOURIDAE]","Protonemura aestiva",3,0,0,5,2,0,0,0,0,0
"1952","Plecoptera","NEMOURIDAE","[Fam:NEMOURIDAE]","Protonemura aki",3,0,0,5,2,0,0,0,0,0
"1953","Plecoptera","NEMOURIDAE","[Fam:NEMOURIDAE]","Protonemura albanica",3,0,0,5,2,0,0,0,0,0
"1954","Plecoptera","NEMOURIDAE","[Fam:NEMOURIDAE]","Protonemura alcazaba",3,0,0,5,2,0,0,0,0,0
"1955","Plecoptera","NEMOURIDAE","[Fam:NEMOURIDAE]","Protonemura algirica",3,0,0,5,2,0,0,0,0,0
"1956","Plecoptera","NEMOURIDAE","[Fam:NEMOURIDAE]","Protonemura algovia",3,0,0,5,2,0,0,0,0,0
"1957","Plecoptera","NEMOURIDAE","[Fam:NEMOURIDAE]","Protonemura alticola",3,0,0,5,2,0,0,0,0,0
"1958","Plecoptera","NEMOURIDAE","[Fam:NEMOURIDAE]","Protonemura androsiana",3,0,0,5,2,0,0,0,0,0
"1959","Plecoptera","NEMOURIDAE","[Fam:NEMOURIDAE]","Protonemura angelieri",3,0,0,5,2,0,0,0,0,0
"1960","Plecoptera","NEMOURIDAE","[Fam:NEMOURIDAE]","Protonemura aroania",3,0,0,5,2,0,0,0,0,0
"1961","Plecoptera","NEMOURIDAE","[Fam:NEMOURIDAE]","Protonemura asturica",3,0,0,5,2,0,0,0,0,0
"1962","Plecoptera","NEMOURIDAE","[Fam:NEMOURIDAE]","Protonemura auberti",3,0,0,5,2,0,0,0,0,0
"1963","Plecoptera","NEMOURIDAE","[Fam:NEMOURIDAE]","Protonemura ausonia ausonia",3,0,0,5,2,0,0,0,0,0
"1964","Plecoptera","NEMOURIDAE","[Fam:NEMOURIDAE]","Protonemura ausonia padana",3,0,0,5,2,0,0,0,0,0
"1965","Plecoptera","NEMOURIDAE","[Fam:NEMOURIDAE]","Protonemura austriaca",3,0,0,5,2,0,0,0,0,0
"1966","Plecoptera","NEMOURIDAE","[Fam:NEMOURIDAE]","Protonemura bacurianica adana",3,0,0,5,2,0,0,0,0,0
"1967","Plecoptera","NEMOURIDAE","[Fam:NEMOURIDAE]","Protonemura bacurianica bacurianica",3,0,0,5,2,0,0,0,0,0
"1968","Plecoptera","NEMOURIDAE","[Fam:NEMOURIDAE]","Protonemura bacurianica bythinica",3,0,0,5,2,0,0,0,0,0
"1969","Plecoptera","NEMOURIDAE","[Fam:NEMOURIDAE]","Protonemura beatensis",3,0,0,5,2,0,0,0,0,0
"1970","Plecoptera","NEMOURIDAE","[Fam:NEMOURIDAE]","Protonemura beaumonti",3,0,0,5,2,0,0,0,0,0
"1971","Plecoptera","NEMOURIDAE","[Fam:NEMOURIDAE]","Protonemura besucheti",3,0,0,5,2,0,0,0,0,0
"1972","Plecoptera","NEMOURIDAE","[Fam:NEMOURIDAE]","Protonemura bifida",3,0,0,5,2,0,0,0,0,0
"1973","Plecoptera","NEMOURIDAE","[Fam:NEMOURIDAE]","Protonemura bipartita",3,0,0,5,2,0,0,0,0,0
"1974","Plecoptera","NEMOURIDAE","[Fam:NEMOURIDAE]","Protonemura brachystyla",3,0,0,5,2,0,0,0,0,0
"1975","Plecoptera","NEMOURIDAE","[Fam:NEMOURIDAE]","Protonemura brevistyla",3,0,0,5,2,0,0,0,0,0
"1976","Plecoptera","NEMOURIDAE","[Fam:NEMOURIDAE]","Protonemura brittaini",3,0,0,5,2,0,0,0,0,0
"1977","Plecoptera","NEMOURIDAE","[Fam:NEMOURIDAE]","Protonemura bucolica",3,0,0,5,2,0,0,0,0,0
"1978","Plecoptera","NEMOURIDAE","[Fam:NEMOURIDAE]","Protonemura canigolensis",3,0,0,5,2,0,0,0,0,0
"1979","Plecoptera","NEMOURIDAE","[Fam:NEMOURIDAE]","Protonemura capitata",3,0,0,5,2,0,0,0,0,0
"1980","Plecoptera","NEMOURIDAE","[Fam:NEMOURIDAE]","Protonemura caprai",3,0,0,5,2,0,0,0,0,0
"1981","Plecoptera","NEMOURIDAE","[Fam:NEMOURIDAE]","Protonemura consiglioi",3,0,0,5,2,0,0,0,0,0
"1982","Plecoptera","NEMOURIDAE","[Fam:NEMOURIDAE]","Protonemura corsicana",3,0,0,5,2,0,0,0,0,0
"1983","Plecoptera","NEMOURIDAE","[Fam:NEMOURIDAE]","Protonemura costai",3,0,0,5,2,0,0,0,0,0
"1984","Plecoptera","NEMOURIDAE","[Fam:NEMOURIDAE]","Protonemura cressa",3,0,0,5,2,0,0,0,0,0
"1985","Plecoptera","NEMOURIDAE","[Fam:NEMOURIDAE]","Protonemura culmenis",3,0,0,5,2,0,0,0,0,0
"1986","Plecoptera","NEMOURIDAE","[Fam:NEMOURIDAE]","Protonemura dilatata",3,0,0,5,2,0,0,0,0,0
"1987","Plecoptera","NEMOURIDAE","[Fam:NEMOURIDAE]","Protonemura elisabethae",3,0,0,5,2,0,0,0,0,0
"1988","Plecoptera","NEMOURIDAE","[Fam:NEMOURIDAE]","Protonemura eumontana",3,0,0,5,2,0,0,0,0,0
"1989","Plecoptera","NEMOURIDAE","[Fam:NEMOURIDAE]","Protonemura fusunae",3,0,0,5,2,0,0,0,0,0
"1990","Plecoptera","NEMOURIDAE","[Fam:NEMOURIDAE]","Protonemura gladifera",3,0,0,5,2,0,0,0,0,0
"1991","Plecoptera","NEMOURIDAE","[Fam:NEMOURIDAE]","Protonemura globosa",3,0,0,5,2,0,0,0,0,0
"1992","Plecoptera","NEMOURIDAE","[Fam:NEMOURIDAE]","Protonemura helenae",3,0,0,5,2,0,0,0,0,0
"1993","Plecoptera","NEMOURIDAE","[Fam:NEMOURIDAE]","Protonemura hiberiaca",3,0,0,5,2,0,0,0,0,0
"1994","Plecoptera","NEMOURIDAE","[Fam:NEMOURIDAE]","Protonemura hirpina",3,0,0,5,2,0,0,0,0,0
"1995","Plecoptera","NEMOURIDAE","[Fam:NEMOURIDAE]","Protonemura hispanica",3,0,0,5,2,0,0,0,0,0
"1996","Plecoptera","NEMOURIDAE","[Fam:NEMOURIDAE]","Protonemura hrabei",3,0,0,5,2,0,0,0,0,0
"1997","Plecoptera","NEMOURIDAE","[Fam:NEMOURIDAE]","Protonemura ichnusae",3,0,0,5,2,0,0,0,0,0
"1998","Plecoptera","NEMOURIDAE","[Fam:NEMOURIDAE]","Protonemura illiesi",3,0,0,5,2,0,0,0,0,0
"1999","Plecoptera","NEMOURIDAE","[Fam:NEMOURIDAE]","Protonemura intricata intricata",1,0,0,2,7,0,0,0,0,0
"2000","Plecoptera","NEMOURIDAE","[Fam:NEMOURIDAE]","Protonemura intricata pseudintricata",3,0,0,5,2,0,0,0,0,0
"2001","Plecoptera","NEMOURIDAE","[Fam:NEMOURIDAE]","Protonemura intricata taygetiana",3,0,0,5,2,0,0,0,0,0
"2002","Plecoptera","NEMOURIDAE","[Fam:NEMOURIDAE]","Protonemura isabellae",3,0,0,5,2,0,0,0,0,0
"2003","Plecoptera","NEMOURIDAE","[Fam:NEMOURIDAE]","Protonemura italica",3,0,0,5,2,0,0,0,0,0
"2004","Plecoptera","NEMOURIDAE","[Fam:NEMOURIDAE]","Protonemura izmiriana",3,0,0,5,2,0,0,0,0,0
"2005","Plecoptera","NEMOURIDAE","[Fam:NEMOURIDAE]","Protonemura julia",3,0,0,5,2,0,0,0,0,0
"2006","Plecoptera","NEMOURIDAE","[Fam:NEMOURIDAE]","Protonemura lagrecai",3,0,0,5,2,0,0,0,0,0
"2007","Plecoptera","NEMOURIDAE","[Fam:NEMOURIDAE]","Protonemura lateralis",3,0,0,5,2,0,0,0,0,0
"2008","Plecoptera","NEMOURIDAE","[Fam:NEMOURIDAE]","Protonemura libanocypria",3,0,0,5,2,0,0,0,0,0
"2009","Plecoptera","NEMOURIDAE","[Fam:NEMOURIDAE]","Protonemura macrura",3,0,0,5,2,0,0,0,0,0
"2010","Plecoptera","NEMOURIDAE","[Fam:NEMOURIDAE]","Protonemura malickyi",3,0,0,5,2,0,0,0,0,0
"2011","Plecoptera","NEMOURIDAE","[Fam:NEMOURIDAE]","Protonemura mattheyi",3,0,0,5,2,0,0,0,0,0
"2012","Plecoptera","NEMOURIDAE","[Fam:NEMOURIDAE]","Protonemura meyeri",3,0,0,5,2,0,0,0,0,0
"2013","Plecoptera","NEMOURIDAE","[Fam:NEMOURIDAE]","Protonemura miatchense",3,0,0,5,2,0,0,0,0,0
"2014","Plecoptera","NEMOURIDAE","[Fam:NEMOURIDAE]","Protonemura microstyla",3,0,0,5,2,0,0,0,0,0
"2015","Plecoptera","NEMOURIDAE","[Fam:NEMOURIDAE]","Protonemura montana",3,0,0,5,2,0,0,0,0,0
"2016","Plecoptera","NEMOURIDAE","[Fam:NEMOURIDAE]","Protonemura navacerrada",3,0,0,5,2,0,0,0,0,0
"2017","Plecoptera","NEMOURIDAE","[Fam:NEMOURIDAE]","Protonemura nimborella",3,0,0,5,2,0,0,0,0,0
"2018","Plecoptera","NEMOURIDAE","[Fam:NEMOURIDAE]","Protonemura nimborum",3,0,0,5,2,0,0,0,0,0
"2019","Plecoptera","NEMOURIDAE","[Fam:NEMOURIDAE]","Protonemura nitida",3,0,0,5,2,0,0,0,0,0
"2020","Plecoptera","NEMOURIDAE","[Fam:NEMOURIDAE]","Protonemura oitica",3,0,0,5,2,0,0,0,0,0
"2021","Plecoptera","NEMOURIDAE","[Fam:NEMOURIDAE]","Protonemura oreas",3,0,0,5,2,0,0,0,0,0
"2022","Plecoptera","NEMOURIDAE","[Fam:NEMOURIDAE]","Protonemura praecox graeca",3,0,0,5,2,0,0,0,0,0
"2023","Plecoptera","NEMOURIDAE","[Fam:NEMOURIDAE]","Protonemura praecox praecox",3,0,0,5,2,0,0,0,0,0
"2024","Plecoptera","NEMOURIDAE","[Fam:NEMOURIDAE]","Protonemura pseudonimborum",3,0,0,5,2,0,0,0,0,0
"2025","Plecoptera","NEMOURIDAE","[Fam:NEMOURIDAE]","Protonemura pyrenaica",3,0,0,5,2,0,0,0,0,0
"2026","Plecoptera","NEMOURIDAE","[Fam:NEMOURIDAE]","Protonemura rauschi",3,0,0,5,2,0,0,0,0,0
"2027","Plecoptera","NEMOURIDAE","[Fam:NEMOURIDAE]","Protonemura ressli",3,0,0,5,2,0,0,0,0,0
"2028","Plecoptera","NEMOURIDAE","[Fam:NEMOURIDAE]","Protonemura risi",3,0,0,5,2,0,0,0,0,0
"2029","Plecoptera","NEMOURIDAE","[Fam:NEMOURIDAE]","Protonemura ruffoi",3,0,0,5,2,0,0,0,0,0
"2030","Plecoptera","NEMOURIDAE","[Fam:NEMOURIDAE]","Protonemura salfii",3,0,0,5,2,0,0,0,0,0
"2031","Plecoptera","NEMOURIDAE","[Fam:NEMOURIDAE]","Protonemura sicula",3,0,0,5,2,0,0,0,0,0
"2032","Plecoptera","NEMOURIDAE","[Fam:NEMOURIDAE]","Protonemura siveci",3,0,0,5,2,0,0,0,0,0
"2033","Plecoptera","NEMOURIDAE","[Fam:NEMOURIDAE]","Protonemura spinulata",3,0,0,5,2,0,0,0,0,0
"2034","Plecoptera","NEMOURIDAE","[Fam:NEMOURIDAE]","Protonemura spinulosa",3,0,0,5,2,0,0,0,0,0
"2035","Plecoptera","NEMOURIDAE","[Fam:NEMOURIDAE]","Protonemura strandschaensis",3,0,0,5,2,0,0,0,0,0
"2036","Plecoptera","NEMOURIDAE","[Fam:NEMOURIDAE]","Protonemura talboti",3,0,0,5,2,0,0,0,0,0
"2037","Plecoptera","NEMOURIDAE","[Fam:NEMOURIDAE]","Protonemura tarda",3,0,0,5,2,0,0,0,0,0
"2038","Plecoptera","NEMOURIDAE","[Fam:NEMOURIDAE]","Protonemura teberdensis",3,0,0,5,2,0,0,0,0,0
"2039","Plecoptera","NEMOURIDAE","[Fam:NEMOURIDAE]","Protonemura triangulata",3,0,0,5,2,0,0,0,0,0
"2040","Plecoptera","NEMOURIDAE","[Fam:NEMOURIDAE]","Protonemura tuberculata",3,0,0,5,2,0,0,0,0,0
"2041","Plecoptera","NEMOURIDAE","[Fam:NEMOURIDAE]","Protonemura tyrrhena",3,0,0,5,2,0,0,0,0,0
"2042","Plecoptera","NEMOURIDAE","[Fam:NEMOURIDAE]","Protonemura umbrosa",3,0,0,5,2,0,0,0,0,0
"2043","Plecoptera","NEMOURIDAE","[Fam:NEMOURIDAE]","Protonemura vandeli",3,0,0,5,2,0,0,0,0,0
"2044","Plecoptera","NEMOURIDAE","[Fam:NEMOURIDAE]","Protonemura vercingetorix",3,0,0,5,2,0,0,0,0,0
"2045","Plecoptera","NEMOURIDAE","[Fam:NEMOURIDAE]","Protonemura vernalis",3,0,0,5,2,0,0,0,0,0
"2046","Plecoptera","NEMOURIDAE","[Fam:NEMOURIDAE]","Protonemura viridis",3,0,0,5,2,0,0,0,0,0
"2047","Plecoptera","NEMOURIDAE","[Fam:NEMOURIDAE]","Protonemura vonbursa",3,0,0,5,2,0,0,0,0,0
"2048","Plecoptera","NEMOURIDAE","[Fam:NEMOURIDAE]","Protonemura zhiltzovae",3,0,0,5,2,0,0,0,0,0
"2049","Plecoptera","PERLIDAE","[Fam:PERLIDAE]","Agnetina elegantula",0,0,0,0,0,0,0,10,0,0
"2050","Plecoptera","PERLIDAE","[Fam:PERLIDAE]","Agnetina senilis",1,0,0,0,0,0,0,9,0,0
"2051","Plecoptera","PERLIDAE","[Fam:PERLIDAE]","Agnetina werneri",1,0,0,0,0,0,0,9,0,0
"2052","Plecoptera","PERLIDAE","[Fam:PERLIDAE]","Dinocras cephalotes",1,0,0,0,0,0,0,9,0,0
"2053","Plecoptera","PERLIDAE","[Fam:PERLIDAE]","Dinocras ferreri",1,0,0,0,0,0,0,9,0,0
"2054","Plecoptera","PERLIDAE","[Fam:PERLIDAE]","Dinocras megacephala",1,0,0,0,0,0,0,9,0,0
"2055","Plecoptera","PERLIDAE","[Fam:PERLIDAE]","Eoperla ochracea",0,0,0,0,2,0,0,8,0,0
"2056","Plecoptera","PERLIDAE","[Fam:PERLIDAE]","Marthamea selysii",0,0,0,0,2,0,0,8,0,0
"2057","Plecoptera","PERLIDAE","[Fam:PERLIDAE]","Marthamea vitripennis",0,0,0,0,2,0,0,8,0,0
"2058","Plecoptera","PERLIDAE","[Fam:PERLIDAE]","Perla abdominalis",1,0,0,0,0,0,0,9,0,0
"2059","Plecoptera","PERLIDAE","[Fam:PERLIDAE]","Perla bipunctata",1,0,0,0,0,0,0,9,0,0
"2060","Plecoptera","PERLIDAE","[Fam:PERLIDAE]","Perla carantana",1,0,0,0,0,0,0,9,0,0
"2061","Plecoptera","PERLIDAE","[Fam:PERLIDAE]","Perla caucasica",1,0,0,0,0,0,0,9,0,0
"2062","Plecoptera","PERLIDAE","[Fam:PERLIDAE]","Perla grandis",1,0,0,0,0,0,0,9,0,0
"2063","Plecoptera","PERLIDAE","[Fam:PERLIDAE]","Perla hrovati",1,0,0,0,0,0,0,9,0,0
"2064","Plecoptera","PERLIDAE","[Fam:PERLIDAE]","Perla illiesi",1,0,0,0,0,0,0,9,0,0
"2065","Plecoptera","PERLIDAE","[Fam:PERLIDAE]","Perla kiritshenkoi",1,0,0,0,0,0,0,9,0,0
"2066","Plecoptera","PERLIDAE","[Fam:PERLIDAE]","Perla madritensis",1,0,0,0,0,0,0,9,0,0
"2067","Plecoptera","PERLIDAE","[Fam:PERLIDAE]","Perla marginata",1,0,0,0,0,0,0,9,0,0
"2068","Plecoptera","PERLIDAE","[Fam:PERLIDAE]","Perla pallida",1,0,0,0,0,0,0,9,0,0
"2069","Plecoptera","PERLIDAE","[Fam:PERLIDAE]","Perla zwicki",1,0,0,0,0,0,0,9,0,0
"2070","Plecoptera","PERLODIDAE","[Fam:PERLODIDAE]","Arcynopteryx compacta",2,0,0,0,0,0,0,8,0,0
"2071","Plecoptera","PERLODIDAE","[Fam:PERLODIDAE]","Besdolus bicolor",0,0,0,0,0,0,0,10,0,0
"2072","Plecoptera","PERLODIDAE","[Fam:PERLODIDAE]","Besdolus illyricus",0,0,0,0,0,0,0,10,0,0
"2073","Plecoptera","PERLODIDAE","[Fam:PERLODIDAE]","Besdolus imhoffi",0,0,0,0,0,0,0,10,0,0
"2074","Plecoptera","PERLODIDAE","[Fam:PERLODIDAE]","Besdolus ravizzarum",0,0,0,0,0,0,0,10,0,0
"2075","Plecoptera","PERLODIDAE","[Fam:PERLODIDAE]","Besdolus ventralis",0,0,0,0,0,0,0,10,0,0
"2076","Plecoptera","PERLODIDAE","[Fam:PERLODIDAE]","Bulgaroperla mirabilis caucasica",2,0,0,0,0,0,0,8,0,0
"2077","Plecoptera","PERLODIDAE","[Fam:PERLODIDAE]","Bulgaroperla mirabilis mirabilis",2,0,0,0,0,0,0,8,0,0
"2078","Plecoptera","PERLODIDAE","[Fam:PERLODIDAE]","Bulgaroperla mirabilis nigrita",2,0,0,0,0,0,0,8,0,0
"2079","Plecoptera","PERLODIDAE","[Fam:PERLODIDAE]","Dictyogenus alpinum",0,0,0,0,2,0,0,8,0,0
"2080","Plecoptera","PERLODIDAE","[Fam:PERLODIDAE]","Dictyogenus fontium",1,0,0,1,1,0,0,7,0,0
"2081","Plecoptera","PERLODIDAE","[Fam:PERLODIDAE]","Diura bicaudata",0,0,0,0,0,0,0,10,0,0
"2082","Plecoptera","PERLODIDAE","[Fam:PERLODIDAE]","Diura nanseni",0,0,0,0,0,0,0,10,0,0
"2083","Plecoptera","PERLODIDAE","[Fam:PERLODIDAE]","Hemimelaena flaviventris",2,0,0,0,0,0,0,8,0,0
"2084","Plecoptera","PERLODIDAE","[Fam:PERLODIDAE]","Isogenus nubecula",0,0,0,0,0,0,0,10,0,0
"2085","Plecoptera","PERLODIDAE","[Fam:PERLODIDAE]","Isoperla acicularis",3,0,0,0,0,0,0,7,0,0
"2086","Plecoptera","PERLODIDAE","[Fam:PERLODIDAE]","Isoperla albanica",1,0,0,1,1,0,0,7,0,0
"2087","Plecoptera","PERLODIDAE","[Fam:PERLODIDAE]","Isoperla ambigua",1,0,0,1,1,0,0,7,0,0
"2088","Plecoptera","PERLODIDAE","[Fam:PERLODIDAE]","Isoperla andreinii",1,0,0,1,1,0,0,7,0,0
"2089","Plecoptera","PERLODIDAE","[Fam:PERLODIDAE]","Isoperla armeniaca",1,0,0,1,1,0,0,7,0,0
"2090","Plecoptera","PERLODIDAE","[Fam:PERLODIDAE]","Isoperla auberti",1,0,0,1,1,0,0,7,0,0
"2091","Plecoptera","PERLODIDAE","[Fam:PERLODIDAE]","Isoperla belai",1,0,0,1,1,0,0,7,0,0
"2092","Plecoptera","PERLODIDAE","[Fam:PERLODIDAE]","Isoperla bipartita",1,0,0,1,1,0,0,7,0,0
"2093","Plecoptera","PERLODIDAE","[Fam:PERLODIDAE]","Isoperla bithynica",1,0,0,1,1,0,0,7,0,0
"2094","Plecoptera","PERLODIDAE","[Fam:PERLODIDAE]","Isoperla breviptera",1,0,0,1,1,0,0,7,0,0
"2095","Plecoptera","PERLODIDAE","[Fam:PERLODIDAE]","Isoperla buresi",1,0,0,1,1,0,0,7,0,0
"2096","Plecoptera","PERLODIDAE","[Fam:PERLODIDAE]","Isoperla carbonaria",0,0,0,0,0,0,0,10,0,0
"2097","Plecoptera","PERLODIDAE","[Fam:PERLODIDAE]","Isoperla carpathica",1,0,0,1,1,0,0,7,0,0
"2098","Plecoptera","PERLODIDAE","[Fam:PERLODIDAE]","Isoperla chius",1,0,0,1,1,0,0,7,0,0
"2099","Plecoptera","PERLODIDAE","[Fam:PERLODIDAE]","Isoperla curtata",6,0,0,0,3,0,0,1,0,0
"2100","Plecoptera","PERLODIDAE","[Fam:PERLODIDAE]","Isoperla difformis",1,0,0,1,1,0,0,7,0,0
"2101","Plecoptera","PERLODIDAE","[Fam:PERLODIDAE]","Isoperla flava",1,0,0,1,1,0,0,7,0,0
"2102","Plecoptera","PERLODIDAE","[Fam:PERLODIDAE]","Isoperla goertzi",1,0,0,1,1,0,0,7,0,0
"2103","Plecoptera","PERLODIDAE","[Fam:PERLODIDAE]","Isoperla grammatica",1,0,0,1,1,0,0,7,0,0
"2104","Plecoptera","PERLODIDAE","[Fam:PERLODIDAE]","Isoperla hyblaea",1,0,0,1,1,0,0,7,0,0
"2105","Plecoptera","PERLODIDAE","[Fam:PERLODIDAE]","Isoperla ikariae",1,0,0,1,1,0,0,7,0,0
"2106","Plecoptera","PERLODIDAE","[Fam:PERLODIDAE]","Isoperla illyrica",1,0,0,1,1,0,0,7,0,0
"2107","Plecoptera","PERLODIDAE","[Fam:PERLODIDAE]","Isoperla ilvana",1,0,0,1,1,0,0,7,0,0
"2108","Plecoptera","PERLODIDAE","[Fam:PERLODIDAE]","Isoperla inermis",1,0,0,1,1,0,0,7,0,0
"2109","Plecoptera","PERLODIDAE","[Fam:PERLODIDAE]","Isoperla insularis",1,0,0,1,1,0,0,7,0,0
"2110","Plecoptera","PERLODIDAE","[Fam:PERLODIDAE]","Isoperla kir",1,0,0,1,1,0,0,7,0,0
"2111","Plecoptera","PERLODIDAE","[Fam:PERLODIDAE]","Isoperla lesbica",1,0,0,1,1,0,0,7,0,0
"2112","Plecoptera","PERLODIDAE","[Fam:PERLODIDAE]","Isoperla lugens",1,0,0,1,1,0,0,7,0,0
"2113","Plecoptera","PERLODIDAE","[Fam:PERLODIDAE]","Isoperla luzoni",1,0,0,1,1,0,0,7,0,0
"2114","Plecoptera","PERLODIDAE","[Fam:PERLODIDAE]","Isoperla moselyi",3,0,0,0,0,0,0,7,0,0
"2115","Plecoptera","PERLODIDAE","[Fam:PERLODIDAE]","Isoperla nevada",1,0,0,1,1,0,0,7,0,0
"2116","Plecoptera","PERLODIDAE","[Fam:PERLODIDAE]","Isoperla obscura",1,0,0,1,1,0,0,7,0,0
"2117","Plecoptera","PERLODIDAE","[Fam:PERLODIDAE]","Isoperla oenotriae",1,0,0,1,1,0,0,7,0,0
"2118","Plecoptera","PERLODIDAE","[Fam:PERLODIDAE]","Isoperla orobica",1,0,0,1,1,0,0,7,0,0
"2119","Plecoptera","PERLODIDAE","[Fam:PERLODIDAE]","Isoperla oxylepis balcanica",1,0,0,1,1,0,0,7,0,0
"2120","Plecoptera","PERLODIDAE","[Fam:PERLODIDAE]","Isoperla oxylepis oxylepis",1,0,0,1,1,0,0,7,0,0
"2121","Plecoptera","PERLODIDAE","[Fam:PERLODIDAE]","Isoperla pallida",1,0,0,1,1,0,0,7,0,0
"2122","Plecoptera","PERLODIDAE","[Fam:PERLODIDAE]","Isoperla pawlowskii",1,0,0,1,1,0,0,7,0,0
"2123","Plecoptera","PERLODIDAE","[Fam:PERLODIDAE]","Isoperla pusilla",1,0,0,1,1,0,0,7,0,0
"2124","Plecoptera","PERLODIDAE","[Fam:PERLODIDAE]","Isoperla rhododendri",1,0,0,1,1,0,0,7,0,0
"2125","Plecoptera","PERLODIDAE","[Fam:PERLODIDAE]","Isoperla rivulorum",1,0,0,1,1,0,0,7,0,0
"2126","Plecoptera","PERLODIDAE","[Fam:PERLODIDAE]","Isoperla russevi",1,0,0,1,1,0,0,7,0,0
"2127","Plecoptera","PERLODIDAE","[Fam:PERLODIDAE]","Isoperla saccai",1,0,0,1,1,0,0,7,0,0
"2128","Plecoptera","PERLODIDAE","[Fam:PERLODIDAE]","Isoperla silesica",1,0,0,1,1,0,0,7,0,0
"2129","Plecoptera","PERLODIDAE","[Fam:PERLODIDAE]","Isoperla submontana",1,0,0,1,1,0,0,7,0,0
"2130","Plecoptera","PERLODIDAE","[Fam:PERLODIDAE]","Isoperla sudetica",1,0,0,1,1,0,0,7,0,0
"2131","Plecoptera","PERLODIDAE","[Fam:PERLODIDAE]","Isoperla tripartita graeca",1,0,0,1,1,0,0,7,0,0
"2132","Plecoptera","PERLODIDAE","[Fam:PERLODIDAE]","Isoperla tripartita obliqua",1,0,0,1,1,0,0,7,0,0
"2133","Plecoptera","PERLODIDAE","[Fam:PERLODIDAE]","Isoperla tripartita recta",1,0,0,1,1,0,0,7,0,0
"2134","Plecoptera","PERLODIDAE","[Fam:PERLODIDAE]","Isoperla tripartita tripartita",1,0,0,1,1,0,0,7,0,0
"2135","Plecoptera","PERLODIDAE","[Fam:PERLODIDAE]","Isoperla vevcianensis",1,0,0,1,1,0,0,7,0,0
"2136","Plecoptera","PERLODIDAE","[Fam:PERLODIDAE]","Isoperla viridinervis",0,0,0,0,0,0,0,10,0,0
"2137","Plecoptera","PERLODIDAE","[Fam:PERLODIDAE]","Isoperla zwicki",1,0,0,1,1,0,0,7,0,0
"2138","Plecoptera","PERLODIDAE","[Fam:PERLODIDAE]","Perlodes dispar",2,0,0,0,0,0,0,8,0,0
"2139","Plecoptera","PERLODIDAE","[Fam:PERLODIDAE]","Perlodes intricatus",1,0,0,1,1,0,0,7,0,0
"2140","Plecoptera","PERLODIDAE","[Fam:PERLODIDAE]","Perlodes jurassicus",2,0,0,0,0,0,0,8,0,0
"2141","Plecoptera","PERLODIDAE","[Fam:PERLODIDAE]","Perlodes microcephalus",2,0,0,0,0,0,0,8,0,0
"2142","Plecoptera","TAENIOPTERYGIDAE","[Fam:TAENIOPTERYGIDAE]","Brachyptera algirica algirica",3,0,0,2,5,0,0,0,0,0
"2143","Plecoptera","TAENIOPTERYGIDAE","[Fam:TAENIOPTERYGIDAE]","Brachyptera algirica mussardi",7,0,0,0,3,0,0,0,0,0
"2144","Plecoptera","TAENIOPTERYGIDAE","[Fam:TAENIOPTERYGIDAE]","Brachyptera ankara",7,0,0,0,3,0,0,0,0,0
"2145","Plecoptera","TAENIOPTERYGIDAE","[Fam:TAENIOPTERYGIDAE]","Brachyptera arcuata",7,0,0,0,3,0,0,0,0,0
"2146","Plecoptera","TAENIOPTERYGIDAE","[Fam:TAENIOPTERYGIDAE]","Brachyptera auberti",5,0,0,2,3,0,0,0,0,0
"2147","Plecoptera","TAENIOPTERYGIDAE","[Fam:TAENIOPTERYGIDAE]","Brachyptera beali beali",7,0,0,0,3,0,0,0,0,0
"2148","Plecoptera","TAENIOPTERYGIDAE","[Fam:TAENIOPTERYGIDAE]","Brachyptera beali cretica",7,0,0,0,3,0,0,0,0,0
"2149","Plecoptera","TAENIOPTERYGIDAE","[Fam:TAENIOPTERYGIDAE]","Brachyptera berkii",7,0,0,0,3,0,0,0,0,0
"2150","Plecoptera","TAENIOPTERYGIDAE","[Fam:TAENIOPTERYGIDAE]","Brachyptera braueri",7,0,0,0,3,0,0,0,0,0
"2151","Plecoptera","TAENIOPTERYGIDAE","[Fam:TAENIOPTERYGIDAE]","Brachyptera brevipennis",7,0,0,0,3,0,0,0,0,0
"2152","Plecoptera","TAENIOPTERYGIDAE","[Fam:TAENIOPTERYGIDAE]","Brachyptera bulgarica",7,0,0,0,3,0,0,0,0,0
"2153","Plecoptera","TAENIOPTERYGIDAE","[Fam:TAENIOPTERYGIDAE]","Brachyptera calabrica",7,0,0,0,3,0,0,0,0,0
"2154","Plecoptera","TAENIOPTERYGIDAE","[Fam:TAENIOPTERYGIDAE]","Brachyptera demirsoyi",7,0,0,0,3,0,0,0,0,0
"2155","Plecoptera","TAENIOPTERYGIDAE","[Fam:TAENIOPTERYGIDAE]","Brachyptera dinarica",7,0,0,0,3,0,0,0,0,0
"2156","Plecoptera","TAENIOPTERYGIDAE","[Fam:TAENIOPTERYGIDAE]","Brachyptera graeca",7,0,0,0,3,0,0,0,0,0
"2157","Plecoptera","TAENIOPTERYGIDAE","[Fam:TAENIOPTERYGIDAE]","Brachyptera helenica",7,0,0,0,3,0,0,0,0,0
"2158","Plecoptera","TAENIOPTERYGIDAE","[Fam:TAENIOPTERYGIDAE]","Brachyptera macedonica",7,0,0,0,3,0,0,0,0,0
"2159","Plecoptera","TAENIOPTERYGIDAE","[Fam:TAENIOPTERYGIDAE]","Brachyptera monilicornis",7,0,0,0,3,0,0,0,0,0
"2160","Plecoptera","TAENIOPTERYGIDAE","[Fam:TAENIOPTERYGIDAE]","Brachyptera phthiotica",7,0,0,0,3,0,0,0,0,0
"2161","Plecoptera","TAENIOPTERYGIDAE","[Fam:TAENIOPTERYGIDAE]","Brachyptera putata",7,0,0,0,3,0,0,0,0,0
"2162","Plecoptera","TAENIOPTERYGIDAE","[Fam:TAENIOPTERYGIDAE]","Brachyptera risi",7,0,0,0,3,0,0,0,0,0
"2163","Plecoptera","TAENIOPTERYGIDAE","[Fam:TAENIOPTERYGIDAE]","Brachyptera seticornis",7,0,0,0,3,0,0,0,0,0
"2164","Plecoptera","TAENIOPTERYGIDAE","[Fam:TAENIOPTERYGIDAE]","Brachyptera sislii",7,0,0,0,3,0,0,0,0,0
"2165","Plecoptera","TAENIOPTERYGIDAE","[Fam:TAENIOPTERYGIDAE]","Brachyptera starmachi",7,0,0,0,3,0,0,0,0,0
"2166","Plecoptera","TAENIOPTERYGIDAE","[Fam:TAENIOPTERYGIDAE]","Brachyptera thracica",7,0,0,0,3,0,0,0,0,0
"2167","Plecoptera","TAENIOPTERYGIDAE","[Fam:TAENIOPTERYGIDAE]","Brachyptera transcaucasica kykladica",7,0,0,0,3,0,0,0,0,0
"2168","Plecoptera","TAENIOPTERYGIDAE","[Fam:TAENIOPTERYGIDAE]","Brachyptera transcaucasica transcaucasica",7,0,0,0,3,0,0,0,0,0
"2169","Plecoptera","TAENIOPTERYGIDAE","[Fam:TAENIOPTERYGIDAE]","Brachyptera transcaucasica turcica",7,0,0,0,3,0,0,0,0,0
"2170","Plecoptera","TAENIOPTERYGIDAE","[Fam:TAENIOPTERYGIDAE]","Brachyptera trifasciata",7,0,0,0,3,0,0,0,0,0
"2171","Plecoptera","TAENIOPTERYGIDAE","[Fam:TAENIOPTERYGIDAE]","Brachyptera tristis",7,0,0,0,3,0,0,0,0,0
"2172","Plecoptera","TAENIOPTERYGIDAE","[Fam:TAENIOPTERYGIDAE]","Brachyptera vera",6,0,0,1,3,0,0,0,0,0
"2173","Plecoptera","TAENIOPTERYGIDAE","[Fam:TAENIOPTERYGIDAE]","Brachyptera zwicki",7,0,0,0,3,0,0,0,0,0
"2174","Plecoptera","TAENIOPTERYGIDAE","[Fam:TAENIOPTERYGIDAE]","Rhabdiopteryx acuminata",2,0,0,6,2,0,0,0,0,0
"2175","Plecoptera","TAENIOPTERYGIDAE","[Fam:TAENIOPTERYGIDAE]","Rhabdiopteryx alpina",2,0,0,6,2,0,0,0,0,0
"2176","Plecoptera","TAENIOPTERYGIDAE","[Fam:TAENIOPTERYGIDAE]","Rhabdiopteryx antoninoi",2,0,0,6,2,0,0,0,0,0
"2177","Plecoptera","TAENIOPTERYGIDAE","[Fam:TAENIOPTERYGIDAE]","Rhabdiopteryx christinae",2,0,0,0,8,0,0,0,0,0
"2178","Plecoptera","TAENIOPTERYGIDAE","[Fam:TAENIOPTERYGIDAE]","Rhabdiopteryx doiranensis",2,0,0,6,2,0,0,0,0,0
"2179","Plecoptera","TAENIOPTERYGIDAE","[Fam:TAENIOPTERYGIDAE]","Rhabdiopteryx hamulata",2,0,0,6,2,0,0,0,0,0
"2180","Plecoptera","TAENIOPTERYGIDAE","[Fam:TAENIOPTERYGIDAE]","Rhabdiopteryx navicula",2,0,0,6,2,0,0,0,0,0
"2181","Plecoptera","TAENIOPTERYGIDAE","[Fam:TAENIOPTERYGIDAE]","Rhabdiopteryx neglecta italica",2,0,0,6,2,0,0,0,0,0
"2182","Plecoptera","TAENIOPTERYGIDAE","[Fam:TAENIOPTERYGIDAE]","Rhabdiopteryx neglecta neglecta",2,0,0,6,2,0,0,0,0,0
"2183","Plecoptera","TAENIOPTERYGIDAE","[Fam:TAENIOPTERYGIDAE]","Rhabdiopteryx thienemanni",2,0,0,6,2,0,0,0,0,0
"2184","Plecoptera","TAENIOPTERYGIDAE","[Fam:TAENIOPTERYGIDAE]","Rhabdiopteryx triangularis",2,0,0,6,2,0,0,0,0,0
"2185","Plecoptera","TAENIOPTERYGIDAE","[Fam:TAENIOPTERYGIDAE]","Taeniopteryx araneoides",3,0,0,2,5,0,0,0,0,0
"2186","Plecoptera","TAENIOPTERYGIDAE","[Fam:TAENIOPTERYGIDAE]","Taeniopteryx auberti",3,0,0,2,5,0,0,0,0,0
"2187","Plecoptera","TAENIOPTERYGIDAE","[Fam:TAENIOPTERYGIDAE]","Taeniopteryx caucasica",3,0,0,2,5,0,0,0,0,0
"2188","Plecoptera","TAENIOPTERYGIDAE","[Fam:TAENIOPTERYGIDAE]","Taeniopteryx fusca",3,0,0,2,5,0,0,0,0,0
"2189","Plecoptera","TAENIOPTERYGIDAE","[Fam:TAENIOPTERYGIDAE]","Taeniopteryx hubaulti",3,0,0,2,5,0,0,0,0,0
"2190","Plecoptera","TAENIOPTERYGIDAE","[Fam:TAENIOPTERYGIDAE]","Taeniopteryx kuehtreiberi",3,0,0,2,5,0,0,0,0,0
"2191","Plecoptera","TAENIOPTERYGIDAE","[Fam:TAENIOPTERYGIDAE]","Taeniopteryx mercuryi",3,0,0,2,5,0,0,0,0,0
"2192","Plecoptera","TAENIOPTERYGIDAE","[Fam:TAENIOPTERYGIDAE]","Taeniopteryx nebulosa",3,0,0,2,5,0,0,0,0,0
"2193","Plecoptera","TAENIOPTERYGIDAE","[Fam:TAENIOPTERYGIDAE]","Taeniopteryx schoenemundi",3,0,0,2,5,0,0,0,0,0
"2194","Plecoptera","TAENIOPTERYGIDAE","[Fam:TAENIOPTERYGIDAE]","Taeniopteryx stankovitchi",3,0,0,2,5,0,0,0,0,0
"2195","Trichoptera","APATANIIDAE","APATANIINAE","Apatania auricula",8,0,0,0,2,0,0,0,0,0
"2196","Trichoptera","APATANIIDAE","APATANIINAE","Apatania eatoniana",8,0,0,0,2,0,0,0,0,0
"2197","Trichoptera","APATANIIDAE","APATANIINAE","Apatania fimbriata",8,0,0,0,2,0,0,0,0,0
"2198","Trichoptera","APATANIIDAE","APATANIINAE","Apatania helvetica",8,0,0,0,2,0,0,0,0,0
"2199","Trichoptera","APATANIIDAE","APATANIINAE","Apatania muliebris",8,0,0,0,2,0,0,0,0,0
"2200","Trichoptera","APATANIIDAE","APATANIINAE","Apatania theischingerorum",7,0,0,3,0,0,0,0,0,0
"2201","Trichoptera","BERAEIDAE","[Fam:BERAEIDAE]","Beraea alva",0,0,0,0,10,0,0,0,0,0
"2202","Trichoptera","BERAEIDAE","[Fam:BERAEIDAE]","Beraea malatebrera",0,0,0,0,10,0,0,0,0,0
"2203","Trichoptera","BERAEIDAE","[Fam:BERAEIDAE]","Beraea maurus",3,0,0,7,0,0,0,0,0,0
"2204","Trichoptera","BERAEIDAE","[Fam:BERAEIDAE]","Beraea pullata",2,0,0,2,6,0,0,0,0,0
"2205","Trichoptera","BERAEIDAE","[Fam:BERAEIDAE]","Beraeodes minutus",10,0,0,0,0,0,0,0,0,0
"2206","Trichoptera","BERAEIDAE","[Fam:BERAEIDAE]","Ernodes articularis",0,0,0,5,5,0,0,0,0,0
"2207","Trichoptera","BERAEIDAE","[Fam:BERAEIDAE]","Ernodes vicinus",0,0,0,5,5,0,0,0,0,0
"2208","Trichoptera","BRACHYCENTRIDAE","[Fam:BRACHYCENTRIDAE]","Brachycentrus maculatus",2,0,0,0,1,0,4,3,0,0
"2209","Trichoptera","BRACHYCENTRIDAE","[Fam:BRACHYCENTRIDAE]","Brachycentrus montanus",2,0,0,0,0,0,5,3,0,0
"2210","Trichoptera","BRACHYCENTRIDAE","[Fam:BRACHYCENTRIDAE]","Brachycentrus subnubilus",2,0,0,0,0,0,5,3,0,0
"2211","Trichoptera","BRACHYCENTRIDAE","[Fam:BRACHYCENTRIDAE]","Micrasema gelidum",5,0,0,0,5,0,0,0,0,0
"2212","Trichoptera","BRACHYCENTRIDAE","[Fam:BRACHYCENTRIDAE]","Micrasema longulum",5,0,0,5,0,0,0,0,0,0
"2213","Trichoptera","BRACHYCENTRIDAE","[Fam:BRACHYCENTRIDAE]","Micrasema minimum",5,0,0,5,0,0,0,0,0,0
"2214","Trichoptera","BRACHYCENTRIDAE","[Fam:BRACHYCENTRIDAE]","Micrasema morosum",5,0,0,5,0,0,0,0,0,0
"2215","Trichoptera","BRACHYCENTRIDAE","[Fam:BRACHYCENTRIDAE]","Micrasema servatum",4,0,0,2,4,0,0,0,0,0
"2216","Trichoptera","BRACHYCENTRIDAE","[Fam:BRACHYCENTRIDAE]","Micrasema setiferum dolcinii",5,0,0,5,0,0,0,0,0,0
"2217","Trichoptera","BRACHYCENTRIDAE","[Fam:BRACHYCENTRIDAE]","Micrasema setiferum setiferum",5,0,0,5,0,0,0,0,0,0
"2218","Trichoptera","CALAMOCERATIDAE","CALAMOCERATINAE","Calamoceras marsupus",2,0,0,6,0,0,0,2,0,0
"2219","Trichoptera","ECNOMIDAE","[Fam:ECNOMIDAE]","Ecnomus deceptor",0,0,0,0,0,0,1,9,0,0
"2220","Trichoptera","ECNOMIDAE","[Fam:ECNOMIDAE]","Ecnomus tenellus",0,0,0,0,0,0,1,9,0,0
"2221","Trichoptera","GLOSSOSOMATIDAE","AGAPETINAE","Agapetus delicatulus",8,0,0,0,2,0,0,0,0,0
"2222","Trichoptera","GLOSSOSOMATIDAE","AGAPETINAE","Agapetus fuscipes",8,0,0,0,2,0,0,0,0,0
"2223","Trichoptera","GLOSSOSOMATIDAE","AGAPETINAE","Agapetus laniger",8,0,0,0,2,0,0,0,0,0
"2224","Trichoptera","GLOSSOSOMATIDAE","AGAPETINAE","Agapetus nimbulus",8,0,0,0,2,0,0,0,0,0
"2225","Trichoptera","GLOSSOSOMATIDAE","AGAPETINAE","Agapetus ochripes",8,0,0,0,2,0,0,0,0,0
"2226","Trichoptera","GLOSSOSOMATIDAE","AGAPETINAE","Synagapetus dubitans",8,0,0,0,2,0,0,0,0,0
"2227","Trichoptera","GLOSSOSOMATIDAE","AGAPETINAE","Synagapetus iridipennis",8,0,0,0,2,0,0,0,0,0
"2228","Trichoptera","GLOSSOSOMATIDAE","AGAPETINAE","Synagapetus krawanyi",8,0,0,0,2,0,0,0,0,0
"2229","Trichoptera","GLOSSOSOMATIDAE","AGAPETINAE","Synagapetus moselyi",8,0,0,0,2,0,0,0,0,0
"2230","Trichoptera","GLOSSOSOMATIDAE","GLOSSOSOMATINAE","Glossosoma bifidum",8,0,0,0,2,0,0,0,0,0
"2231","Trichoptera","GLOSSOSOMATIDAE","GLOSSOSOMATINAE","Glossosoma boltoni",8,0,0,0,2,0,0,0,0,0
"2232","Trichoptera","GLOSSOSOMATIDAE","GLOSSOSOMATINAE","Glossosoma conformis",8,0,0,0,2,0,0,0,0,0
"2233","Trichoptera","GLOSSOSOMATIDAE","GLOSSOSOMATINAE","Glossosoma intermedium",8,0,0,0,2,0,0,0,0,0
"2234","Trichoptera","GOERIDAE","GOERINAE","Goera pilosa",9,0,0,0,1,0,0,0,0,0
"2235","Trichoptera","GOERIDAE","GOERINAE","Lithax niger",9,0,0,0,1,0,0,0,0,0
"2236","Trichoptera","GOERIDAE","GOERINAE","Lithax obscurus",9,0,0,0,1,0,0,0,0,0
"2237","Trichoptera","GOERIDAE","GOERINAE","Silo graellsi",10,0,0,0,0,0,0,0,0,0
"2238","Trichoptera","GOERIDAE","GOERINAE","Silo nigricornis",9,0,0,0,1,0,0,0,0,0
"2239","Trichoptera","GOERIDAE","GOERINAE","Silo pallipes",9,0,0,0,1,0,0,0,0,0
"2240","Trichoptera","GOERIDAE","GOERINAE","Silo piceus",9,0,0,0,1,0,0,0,0,0
"2241","Trichoptera","HYDROPSYCHIDAE","DIPLECTRONINAE","Diplectrona magna",2,0,0,0,0,0,5,3,0,0
"2242","Trichoptera","HYDROPSYCHIDAE","HYDROPSYCHINAE","Cheumatopsyche lepida",2,0,0,0,0,0,5,3,0,0
"2243","Trichoptera","HYDROPSYCHIDAE","HYDROPSYCHINAE","Hydropsyche angustipennis angustipennis",2,0,0,0,0,0,5,3,0,0
"2244","Trichoptera","HYDROPSYCHIDAE","HYDROPSYCHINAE","Hydropsyche botosaneanui",2,0,0,0,0,0,5,3,0,0
"2245","Trichoptera","HYDROPSYCHIDAE","HYDROPSYCHINAE","Hydropsyche bulbifera",2,0,0,0,0,0,5,3,0,0
"2246","Trichoptera","HYDROPSYCHIDAE","HYDROPSYCHINAE","Hydropsyche bulgaromanorum",2,0,0,0,0,0,5,3,0,0
"2247","Trichoptera","HYDROPSYCHIDAE","HYDROPSYCHINAE","Hydropsyche contubernalis contubernalis",0,0,0,0,1,0,8,1,0,0
"2248","Trichoptera","HYDROPSYCHIDAE","HYDROPSYCHINAE","Hydropsyche dinarica",2,0,0,0,0,0,5,3,0,0
"2249","Trichoptera","HYDROPSYCHIDAE","HYDROPSYCHINAE","Hydropsyche exocellata",2,0,0,0,0,0,5,3,0,0
"2250","Trichoptera","HYDROPSYCHIDAE","HYDROPSYCHINAE","Hydropsyche fulvipes",2,0,0,0,0,0,5,3,0,0
"2251","Trichoptera","HYDROPSYCHIDAE","HYDROPSYCHINAE","Hydropsyche guttata",2,0,0,0,0,0,5,3,0,0
"2252","Trichoptera","HYDROPSYCHIDAE","HYDROPSYCHINAE","Hydropsyche incognita",2,0,0,0,0,0,5,3,0,0
"2253","Trichoptera","HYDROPSYCHIDAE","HYDROPSYCHINAE","Hydropsyche instabilis",2,0,0,0,0,0,5,3,0,0
"2254","Trichoptera","HYDROPSYCHIDAE","HYDROPSYCHINAE","Hydropsyche modesta",2,0,0,0,0,0,5,3,0,0
"2255","Trichoptera","HYDROPSYCHIDAE","HYDROPSYCHINAE","Hydropsyche ornatula",2,0,0,0,0,0,5,3,0,0
"2256","Trichoptera","HYDROPSYCHIDAE","HYDROPSYCHINAE","Hydropsyche pellucidula",2,0,0,0,0,0,5,3,0,0
"2257","Trichoptera","HYDROPSYCHIDAE","HYDROPSYCHINAE","Hydropsyche saxonica",2,0,0,0,0,0,5,3,0,0
"2258","Trichoptera","HYDROPSYCHIDAE","HYDROPSYCHINAE","Hydropsyche silfvenii",2,0,0,0,0,0,5,3,0,0
"2259","Trichoptera","HYDROPSYCHIDAE","HYDROPSYCHINAE","Hydropsyche siltalai",2,0,0,0,0,0,5,3,0,0
"2260","Trichoptera","HYDROPSYCHIDAE","HYDROPSYCHINAE","Hydropsyche tenuis",2,0,0,0,0,0,5,3,0,0
"2261","Trichoptera","HYDROPSYCHIDAE","HYDROPSYCHINAE","Hydropsyche tobiasi",2,0,0,0,0,0,5,3,0,0
"2262","Trichoptera","HYDROPTILIDAE","HYDROPTILINAE","Agraylea multipunctata",0,0,0,0,0,0,0,0,0,10
"2263","Trichoptera","HYDROPTILIDAE","HYDROPTILINAE","Agraylea sexmaculata",0,0,0,0,0,0,0,0,0,10
"2264","Trichoptera","HYDROPTILIDAE","HYDROPTILINAE","Allotrichia pallicornis",10,0,0,0,0,0,0,0,0,0
"2265","Trichoptera","HYDROPTILIDAE","HYDROPTILINAE","Hydroptila angulata",0,0,0,0,0,0,0,0,0,10
"2266","Trichoptera","HYDROPTILIDAE","HYDROPTILINAE","Hydroptila cornuta",0,0,0,0,0,0,0,0,0,10
"2267","Trichoptera","HYDROPTILIDAE","HYDROPTILINAE","Hydroptila dampfi",0,0,0,0,0,0,0,0,0,10
"2268","Trichoptera","HYDROPTILIDAE","HYDROPTILINAE","Hydroptila forcipata",0,0,0,0,0,0,0,0,0,10
"2269","Trichoptera","HYDROPTILIDAE","HYDROPTILINAE","Hydroptila insubrica",0,0,0,0,0,0,0,0,0,10
"2270","Trichoptera","HYDROPTILIDAE","HYDROPTILINAE","Hydroptila ivisa",0,0,0,0,0,0,0,0,0,10
"2271","Trichoptera","HYDROPTILIDAE","HYDROPTILINAE","Hydroptila lotensis",0,0,0,0,0,0,0,0,0,10
"2272","Trichoptera","HYDROPTILIDAE","HYDROPTILINAE","Hydroptila martini",0,0,0,0,0,0,0,0,0,10
"2273","Trichoptera","HYDROPTILIDAE","HYDROPTILINAE","Hydroptila occulta",0,0,0,0,0,0,0,0,0,10
"2274","Trichoptera","HYDROPTILIDAE","HYDROPTILINAE","Hydroptila pulchricornis",0,0,0,0,0,0,0,0,0,10
"2275","Trichoptera","HYDROPTILIDAE","HYDROPTILINAE","Hydroptila simulans",0,0,0,0,0,0,0,0,0,10
"2276","Trichoptera","HYDROPTILIDAE","HYDROPTILINAE","Hydroptila sparsa",0,0,0,0,0,0,0,0,0,10
"2277","Trichoptera","HYDROPTILIDAE","HYDROPTILINAE","Hydroptila tineoides",0,0,0,0,0,0,0,0,0,10
"2278","Trichoptera","HYDROPTILIDAE","HYDROPTILINAE","Hydroptila valesiaca",0,0,0,0,0,0,0,0,0,10
"2279","Trichoptera","HYDROPTILIDAE","HYDROPTILINAE","Hydroptila vectis",0,0,0,0,0,0,0,0,0,10
"2280","Trichoptera","HYDROPTILIDAE","HYDROPTILINAE","Ithytrichia lamellaris",10,0,0,0,0,0,0,0,0,0
"2281","Trichoptera","HYDROPTILIDAE","HYDROPTILINAE","Orthotrichia costalis",0,0,0,0,0,0,0,0,0,10
"2282","Trichoptera","HYDROPTILIDAE","HYDROPTILINAE","Oxyethira distinctella",0,0,0,0,0,0,0,0,0,10
"2283","Trichoptera","HYDROPTILIDAE","HYDROPTILINAE","Oxyethira falcata",0,0,0,0,0,0,0,0,0,10
"2284","Trichoptera","HYDROPTILIDAE","HYDROPTILINAE","Oxyethira flavicornis",0,0,0,0,0,0,0,0,0,10
"2285","Trichoptera","HYDROPTILIDAE","HYDROPTILINAE","Oxyethira frici",0,0,0,0,0,0,0,0,0,10
"2286","Trichoptera","HYDROPTILIDAE","HYDROPTILINAE","Oxyethira sagittifera",0,0,0,0,0,0,0,0,0,10
"2287","Trichoptera","HYDROPTILIDAE","HYDROPTILINAE","Oxyethira simplex",0,0,0,0,0,0,0,0,0,10
"2288","Trichoptera","HYDROPTILIDAE","HYDROPTILINAE","Oxyethira tristella",0,0,0,0,0,0,0,0,0,10
"2289","Trichoptera","HYDROPTILIDAE","HYDROPTILINAE","Stactobia eatoniella",10,0,0,0,0,0,0,0,0,0
"2290","Trichoptera","HYDROPTILIDAE","HYDROPTILINAE","Stactobia maclachlani",10,0,0,0,0,0,0,0,0,0
"2291","Trichoptera","HYDROPTILIDAE","HYDROPTILINAE","Stactobia moselyi",10,0,0,0,0,0,0,0,0,0
"2292","Trichoptera","HYDROPTILIDAE","HYDROPTILINAE","Tricholeiochiton fagesi",0,0,0,0,0,0,0,0,0,10
"2293","Trichoptera","LEPIDOSTOMATIDAE","LEPIDOSTOMATINAE","Crunoecia irrorata irrorata",0,0,5,3,0,0,0,2,0,0
"2294","Trichoptera","LEPIDOSTOMATIDAE","LEPIDOSTOMATINAE","Crunoecia irrorata sarda",0,0,5,3,0,0,0,2,0,0
"2295","Trichoptera","LEPIDOSTOMATIDAE","LEPIDOSTOMATINAE","Crunoecia kempnyi",0,0,5,3,0,0,0,2,0,0
"2296","Trichoptera","LEPIDOSTOMATIDAE","LEPIDOSTOMATINAE","Lepidostoma basale",5,0,3,2,0,0,0,0,0,0
"2297","Trichoptera","LEPIDOSTOMATIDAE","LEPIDOSTOMATINAE","Lepidostoma hirtum",5,0,3,2,0,0,0,0,0,0
"2298","Trichoptera","LEPTOCERIDAE","LEPTOCERINAE","Adicella filicornis",2,0,0,8,0,0,0,0,0,0
"2299","Trichoptera","LEPTOCERIDAE","LEPTOCERINAE","Adicella reducta",2,0,0,8,0,0,0,0,0,0
"2300","Trichoptera","LEPTOCERIDAE","LEPTOCERINAE","Athripsodes albifrons",0,0,0,5,3,0,0,2,0,0
"2301","Trichoptera","LEPTOCERIDAE","LEPTOCERINAE","Athripsodes aterrimus",0,0,0,5,3,0,0,2,0,0
"2302","Trichoptera","LEPTOCERIDAE","LEPTOCERINAE","Athripsodes bilineatus bilineatus",0,0,0,5,3,0,0,2,0,0
"2303","Trichoptera","LEPTOCERIDAE","LEPTOCERINAE","Athripsodes cinereus",0,0,0,3,3,0,0,4,0,0
"2304","Trichoptera","LEPTOCERIDAE","LEPTOCERINAE","Ceraclea albimacula",1,0,0,0,0,0,0,0,0,9
"2305","Trichoptera","LEPTOCERIDAE","LEPTOCERINAE","Ceraclea dissimilis",0,0,0,5,5,0,0,0,0,0
"2306","Trichoptera","LEPTOCERIDAE","LEPTOCERINAE","Ceraclea fulva",0,0,0,0,0,0,0,0,0,10
"2307","Trichoptera","LEPTOCERIDAE","LEPTOCERINAE","Ceraclea nigronervosa",0,0,0,0,0,0,0,0,0,10
"2308","Trichoptera","LEPTOCERIDAE","LEPTOCERINAE","Ceraclea senilis",0,0,0,0,0,0,0,0,0,10
"2309","Trichoptera","LEPTOCERIDAE","LEPTOCERINAE","Erotesis baltica",0,0,0,10,0,0,0,0,0,0
"2310","Trichoptera","LEPTOCERIDAE","LEPTOCERINAE","Leptocerus interruptus",5,0,0,5,0,0,0,0,0,0
"2311","Trichoptera","LEPTOCERIDAE","LEPTOCERINAE","Leptocerus tineiformis",5,0,0,5,0,0,0,0,0,0
"2312","Trichoptera","LEPTOCERIDAE","LEPTOCERINAE","Mystacides azurea",2,0,0,2,5,0,0,1,0,0
"2313","Trichoptera","LEPTOCERIDAE","LEPTOCERINAE","Mystacides longicornis",2,0,0,2,5,0,0,1,0,0
"2314","Trichoptera","LEPTOCERIDAE","LEPTOCERINAE","Mystacides nigra",2,0,0,2,5,0,0,1,0,0
"2315","Trichoptera","LEPTOCERIDAE","LEPTOCERINAE","Oecetis furva",0,0,0,5,0,0,0,5,0,0
"2316","Trichoptera","LEPTOCERIDAE","LEPTOCERINAE","Oecetis lacustris",0,0,0,0,0,0,0,10,0,0
"2317","Trichoptera","LEPTOCERIDAE","LEPTOCERINAE","Oecetis notata",0,0,0,0,0,0,0,10,0,0
"2318","Trichoptera","LEPTOCERIDAE","LEPTOCERINAE","Oecetis ochracea",0,0,0,0,0,0,0,10,0,0
"2319","Trichoptera","LEPTOCERIDAE","LEPTOCERINAE","Oecetis strucki",0,0,0,5,0,0,0,5,0,0
"2320","Trichoptera","LEPTOCERIDAE","LEPTOCERINAE","Oecetis testacea",0,0,0,0,0,0,0,10,0,0
"2321","Trichoptera","LEPTOCERIDAE","LEPTOCERINAE","Oecetis tripunctata",0,0,0,5,0,0,0,5,0,0
"2322","Trichoptera","LEPTOCERIDAE","LEPTOCERINAE","Triaenodes bicolor",5,0,0,5,0,0,0,0,0,0
"2323","Trichoptera","LIMNEPHILIDAE","DICOSMOECINAE","Ironoquia dubia",0,0,0,10,0,0,0,0,0,0
"2324","Trichoptera","LIMNEPHILIDAE","DRUSINAE","Anomalopterygella chauviniana",6,0,0,4,0,0,0,0,0,0
"2325","Trichoptera","LIMNEPHILIDAE","DRUSINAE","Cryptothrix nebulicola",2,0,0,0,0,0,4,4,0,0
"2326","Trichoptera","LIMNEPHILIDAE","DRUSINAE","Drusus adustus",8,0,0,1,1,0,0,0,0,0
"2327","Trichoptera","LIMNEPHILIDAE","DRUSINAE","Drusus alpinus",1,0,0,9,0,0,0,0,0,0
"2328","Trichoptera","LIMNEPHILIDAE","DRUSINAE","Drusus annulatus",8,0,0,1,1,0,0,0,0,0
"2329","Trichoptera","LIMNEPHILIDAE","DRUSINAE","Drusus aprutiensis",8,0,0,1,1,0,0,0,0,0
"2330","Trichoptera","LIMNEPHILIDAE","DRUSINAE","Drusus biguttatus biguttatus",8,0,0,1,1,0,0,0,0,0
"2331","Trichoptera","LIMNEPHILIDAE","DRUSINAE","Drusus camerinus",8,0,0,1,1,0,0,0,0,0
"2332","Trichoptera","LIMNEPHILIDAE","DRUSINAE","Drusus chrysotus",2,0,0,0,0,0,4,4,0,0
"2333","Trichoptera","LIMNEPHILIDAE","DRUSINAE","Drusus croaticus",8,0,0,2,0,0,0,0,0,0
"2334","Trichoptera","LIMNEPHILIDAE","DRUSINAE","Drusus discolor",1,0,0,0,0,0,4,5,0,0
"2335","Trichoptera","LIMNEPHILIDAE","DRUSINAE","Drusus franzi",1,0,0,9,0,0,0,0,0,0
"2336","Trichoptera","LIMNEPHILIDAE","DRUSINAE","Drusus improvisus",8,0,0,1,1,0,0,0,0,0
"2337","Trichoptera","LIMNEPHILIDAE","DRUSINAE","Drusus melanchaetes",8,0,0,1,1,0,0,0,0,0
"2338","Trichoptera","LIMNEPHILIDAE","DRUSINAE","Drusus monticola",8,0,0,1,1,0,0,0,0,0
"2339","Trichoptera","LIMNEPHILIDAE","DRUSINAE","Drusus muelleri",2,0,0,0,0,0,4,4,0,0
"2340","Trichoptera","LIMNEPHILIDAE","DRUSINAE","Drusus nigrescens",8,0,0,1,1,0,0,0,0,0
"2341","Trichoptera","LIMNEPHILIDAE","DRUSINAE","Drusus trifidus",8,0,0,1,1,0,0,0,0,0
"2342","Trichoptera","LIMNEPHILIDAE","DRUSINAE","Ecclisopteryx dalecarlica",8,0,0,1,1,0,0,0,0,0
"2343","Trichoptera","LIMNEPHILIDAE","DRUSINAE","Ecclisopteryx guttulata",8,0,0,1,1,0,0,0,0,0
"2344","Trichoptera","LIMNEPHILIDAE","DRUSINAE","Ecclisopteryx madida",8,0,0,1,1,0,0,0,0,0
"2345","Trichoptera","LIMNEPHILIDAE","DRUSINAE","Ecclisopteryx malickyi",8,0,0,1,1,0,0,0,0,0
"2346","Trichoptera","LIMNEPHILIDAE","DRUSINAE","Metanoea rhaetica",8,0,0,1,1,0,0,0,0,0
"2347","Trichoptera","LIMNEPHILIDAE","LIMNEPHILINAE","Acrophylax zerberus",2,0,0,6,0,0,0,2,0,0
"2348","Trichoptera","LIMNEPHILIDAE","LIMNEPHILINAE","Allogamus auricollis",3,0,0,2,0,0,3,2,0,0
"2349","Trichoptera","LIMNEPHILIDAE","LIMNEPHILINAE","Allogamus uncatus",2,0,0,6,0,0,0,2,0,0
"2350","Trichoptera","LIMNEPHILIDAE","LIMNEPHILINAE","Anabolia brevipennis",2,0,0,5,0,0,0,3,0,0
"2351","Trichoptera","LIMNEPHILIDAE","LIMNEPHILINAE","Anabolia furcata",2,0,0,5,1,0,0,2,0,0
"2352","Trichoptera","LIMNEPHILIDAE","LIMNEPHILINAE","Anabolia nervosa",2,0,0,5,1,0,0,2,0,0
"2353","Trichoptera","LIMNEPHILIDAE","LIMNEPHILINAE","Anisogamus difformis",2,0,0,6,0,0,0,2,0,0
"2354","Trichoptera","LIMNEPHILIDAE","LIMNEPHILINAE","Annitella obscurata",2,0,0,6,0,0,0,2,0,0
"2355","Trichoptera","LIMNEPHILIDAE","LIMNEPHILINAE","Annitella thuringica",2,0,0,6,0,0,0,2,0,0
"2356","Trichoptera","LIMNEPHILIDAE","LIMNEPHILINAE","Asynarchus lapponicus",2,0,0,5,0,0,0,3,0,0
"2357","Trichoptera","LIMNEPHILIDAE","LIMNEPHILINAE","Chaetopterygopsis maclachlani",2,0,0,6,0,0,0,2,0,0
"2358","Trichoptera","LIMNEPHILIDAE","LIMNEPHILINAE","Chaetopteryx fusca",2,0,0,6,0,0,0,2,0,0
"2359","Trichoptera","LIMNEPHILIDAE","LIMNEPHILINAE","Chaetopteryx major",2,0,0,6,0,0,0,2,0,0
"2360","Trichoptera","LIMNEPHILIDAE","LIMNEPHILINAE","Chaetopteryx villosa villosa",3,0,0,4,2,0,0,1,0,0
"2361","Trichoptera","LIMNEPHILIDAE","LIMNEPHILINAE","Consorophylax carinthiacus",2,0,0,6,0,0,0,2,0,0
"2362","Trichoptera","LIMNEPHILIDAE","LIMNEPHILINAE","Consorophylax consors",2,0,0,6,0,0,0,2,0,0
"2363","Trichoptera","LIMNEPHILIDAE","LIMNEPHILINAE","Consorophylax styriacus",1,0,0,5,2,0,0,2,0,0
"2364","Trichoptera","LIMNEPHILIDAE","LIMNEPHILINAE","Enoicyla pusilla",0,0,0,0,10,0,0,0,0,0
"2365","Trichoptera","LIMNEPHILIDAE","LIMNEPHILINAE","Enoicyla reichenbachi",1,0,0,9,0,0,0,0,0,0
"2366","Trichoptera","LIMNEPHILIDAE","LIMNEPHILINAE","Glyphotaelius pellucidus",1,0,0,6,0,0,0,3,0,0
"2367","Trichoptera","LIMNEPHILIDAE","LIMNEPHILINAE","Grammotaulius nigropunctatus",1,0,0,6,0,0,0,3,0,0
"2368","Trichoptera","LIMNEPHILIDAE","LIMNEPHILINAE","Grammotaulius submaculatus",0,0,0,10,0,0,0,0,0,0
"2369","Trichoptera","LIMNEPHILIDAE","LIMNEPHILINAE","Halesus digitatus digitatus",1,0,0,7,0,0,0,2,0,0
"2370","Trichoptera","LIMNEPHILIDAE","LIMNEPHILINAE","Halesus radiatus",1,0,0,7,0,0,0,2,0,0
"2371","Trichoptera","LIMNEPHILIDAE","LIMNEPHILINAE","Halesus rubricollis",1,0,0,7,0,0,0,2,0,0
"2372","Trichoptera","LIMNEPHILIDAE","LIMNEPHILINAE","Halesus tessellatus",1,0,0,7,0,0,0,2,0,0
"2373","Trichoptera","LIMNEPHILIDAE","LIMNEPHILINAE","Hydatophylax infumatus",1,0,0,7,0,0,0,2,0,0
"2374","Trichoptera","LIMNEPHILIDAE","LIMNEPHILINAE","Leptotaulius gracilis",0,0,0,4,4,0,0,2,0,0
"2375","Trichoptera","LIMNEPHILIDAE","LIMNEPHILINAE","Limnephilus affinis",2,0,0,5,0,0,0,3,0,0
"2376","Trichoptera","LIMNEPHILIDAE","LIMNEPHILINAE","Limnephilus algosus",2,0,0,5,0,0,0,3,0,0
"2377","Trichoptera","LIMNEPHILIDAE","LIMNEPHILINAE","Limnephilus auricula",2,0,0,5,0,0,0,3,0,0
"2378","Trichoptera","LIMNEPHILIDAE","LIMNEPHILINAE","Limnephilus binotatus",2,0,0,5,0,0,0,3,0,0
"2379","Trichoptera","LIMNEPHILIDAE","LIMNEPHILINAE","Limnephilus bipunctatus",2,0,0,5,0,0,0,3,0,0
"2380","Trichoptera","LIMNEPHILIDAE","LIMNEPHILINAE","Limnephilus borealis",2,0,0,5,0,0,0,3,0,0
"2381","Trichoptera","LIMNEPHILIDAE","LIMNEPHILINAE","Limnephilus centralis",2,0,0,5,0,0,0,3,0,0
"2382","Trichoptera","LIMNEPHILIDAE","LIMNEPHILINAE","Limnephilus coenosus",2,0,0,5,0,0,0,3,0,0
"2383","Trichoptera","LIMNEPHILIDAE","LIMNEPHILINAE","Limnephilus decipiens",2,0,0,5,0,0,0,3,0,0
"2384","Trichoptera","LIMNEPHILIDAE","LIMNEPHILINAE","Limnephilus elegans",2,0,0,5,0,0,0,3,0,0
"2385","Trichoptera","LIMNEPHILIDAE","LIMNEPHILINAE","Limnephilus extricatus",2,0,0,5,0,0,0,3,0,0
"2386","Trichoptera","LIMNEPHILIDAE","LIMNEPHILINAE","Limnephilus flavicornis",2,0,0,5,0,0,0,3,0,0
"2387","Trichoptera","LIMNEPHILIDAE","LIMNEPHILINAE","Limnephilus fuscicornis",2,0,0,5,0,0,0,3,0,0
"2388","Trichoptera","LIMNEPHILIDAE","LIMNEPHILINAE","Limnephilus germanus",2,0,0,5,0,0,0,3,0,0
"2389","Trichoptera","LIMNEPHILIDAE","LIMNEPHILINAE","Limnephilus griseus",2,0,0,5,0,0,0,3,0,0
"2390","Trichoptera","LIMNEPHILIDAE","LIMNEPHILINAE","Limnephilus helveticus",2,0,0,5,0,0,0,3,0,0
"2391","Trichoptera","LIMNEPHILIDAE","LIMNEPHILINAE","Limnephilus hirsutus",2,0,0,5,0,0,0,3,0,0
"2392","Trichoptera","LIMNEPHILIDAE","LIMNEPHILINAE","Limnephilus ignavus",2,0,0,5,0,0,0,3,0,0
"2393","Trichoptera","LIMNEPHILIDAE","LIMNEPHILINAE","Limnephilus incisus",2,0,0,5,0,0,0,3,0,0
"2394","Trichoptera","LIMNEPHILIDAE","LIMNEPHILINAE","Limnephilus italicus",2,0,0,5,0,0,0,3,0,0
"2395","Trichoptera","LIMNEPHILIDAE","LIMNEPHILINAE","Limnephilus lunatus",2,0,0,5,0,0,0,3,0,0
"2396","Trichoptera","LIMNEPHILIDAE","LIMNEPHILINAE","Limnephilus luridus",2,0,0,5,0,0,0,3,0,0
"2397","Trichoptera","LIMNEPHILIDAE","LIMNEPHILINAE","Limnephilus marmoratus",2,0,0,5,0,0,0,3,0,0
"2398","Trichoptera","LIMNEPHILIDAE","LIMNEPHILINAE","Limnephilus nigriceps",2,0,0,5,0,0,0,3,0,0
"2399","Trichoptera","LIMNEPHILIDAE","LIMNEPHILINAE","Limnephilus politus",2,0,0,5,0,0,0,3,0,0
"2400","Trichoptera","LIMNEPHILIDAE","LIMNEPHILINAE","Limnephilus rhombicus reseri",2,0,0,5,0,0,0,3,0,0
"2401","Trichoptera","LIMNEPHILIDAE","LIMNEPHILINAE","Limnephilus rhombicus rhombicus",2,0,0,5,0,0,0,3,0,0
"2402","Trichoptera","LIMNEPHILIDAE","LIMNEPHILINAE","Limnephilus sericeus",2,0,0,5,0,0,0,3,0,0
"2403","Trichoptera","LIMNEPHILIDAE","LIMNEPHILINAE","Limnephilus sparsus",2,0,0,5,0,0,0,3,0,0
"2404","Trichoptera","LIMNEPHILIDAE","LIMNEPHILINAE","Limnephilus stigma",2,0,0,5,0,0,0,3,0,0
"2405","Trichoptera","LIMNEPHILIDAE","LIMNEPHILINAE","Limnephilus subcentralis",2,0,0,5,0,0,0,3,0,0
"2406","Trichoptera","LIMNEPHILIDAE","LIMNEPHILINAE","Limnephilus vittatus",2,0,0,5,0,0,0,3,0,0
"2407","Trichoptera","LIMNEPHILIDAE","LIMNEPHILINAE","Melampophylax melampus",2,0,0,6,0,0,0,2,0,0
"2408","Trichoptera","LIMNEPHILIDAE","LIMNEPHILINAE","Melampophylax mucoreus",8,0,0,1,0,0,0,1,0,0
"2409","Trichoptera","LIMNEPHILIDAE","LIMNEPHILINAE","Mesophylax aspersus aspersus",0,0,0,0,5,0,0,5,0,0
"2410","Trichoptera","LIMNEPHILIDAE","LIMNEPHILINAE","Mesophylax impunctatus impunctatus",2,0,0,6,0,0,0,2,0,0
"2411","Trichoptera","LIMNEPHILIDAE","LIMNEPHILINAE","Micropterna lateralis",2,0,0,6,0,0,0,2,0,0
"2412","Trichoptera","LIMNEPHILIDAE","LIMNEPHILINAE","Micropterna nycterobia",2,0,0,6,0,0,0,2,0,0
"2413","Trichoptera","LIMNEPHILIDAE","LIMNEPHILINAE","Micropterna sequax",2,0,0,6,0,0,0,2,0,0
"2414","Trichoptera","LIMNEPHILIDAE","LIMNEPHILINAE","Micropterna testacea",2,0,0,6,0,0,0,2,0,0
"2415","Trichoptera","LIMNEPHILIDAE","LIMNEPHILINAE","Parachiona picicornis",0,0,0,4,4,0,0,2,0,0
"2416","Trichoptera","LIMNEPHILIDAE","LIMNEPHILINAE","Potamophylax cingulatus alpinus",2,0,0,6,0,0,0,2,0,0
"2417","Trichoptera","LIMNEPHILIDAE","LIMNEPHILINAE","Potamophylax cingulatus cingulatus",2,0,0,6,0,0,0,2,0,0
"2418","Trichoptera","LIMNEPHILIDAE","LIMNEPHILINAE","Potamophylax latipennis",2,0,0,6,0,0,0,2,0,0
"2419","Trichoptera","LIMNEPHILIDAE","LIMNEPHILINAE","Potamophylax luctuosus luctuosus",2,0,0,6,0,0,0,2,0,0
"2420","Trichoptera","LIMNEPHILIDAE","LIMNEPHILINAE","Potamophylax nigricornis",2,0,0,6,0,0,0,2,0,0
"2421","Trichoptera","LIMNEPHILIDAE","LIMNEPHILINAE","Potamophylax rotundipennis",2,0,0,6,0,0,0,2,0,0
"2422","Trichoptera","LIMNEPHILIDAE","LIMNEPHILINAE","Pseudopsilopteryx zimmeri",2,0,0,6,0,0,0,2,0,0
"2423","Trichoptera","LIMNEPHILIDAE","LIMNEPHILINAE","Rhadicoleptus alpestris alpestris",1,0,0,6,0,0,0,3,0,0
"2424","Trichoptera","LIMNEPHILIDAE","LIMNEPHILINAE","Stenophylax permistus",0,0,0,5,5,0,0,0,0,0
"2425","Trichoptera","MOLANNIDAE","[Fam:MOLANNIDAE]","Molanna angustata",0,0,0,0,3,0,0,7,0,0
"2426","Trichoptera","MOLANNIDAE","[Fam:MOLANNIDAE]","Molannodes tinctus",0,0,0,0,3,0,0,7,0,0
"2427","Trichoptera","ODONTOCERIDAE","ODONTOCERINAE","Odontocerum albicorne",3,0,0,3,0,0,0,4,0,0
"2428","Trichoptera","PHILOPOTAMIDAE","CHIMARRINAE","Chimarra marginata",0,0,0,0,0,0,10,0,0,0
"2429","Trichoptera","PHILOPOTAMIDAE","PHILOPOTAMINAE","Philopotamus ludificatus",0,0,0,0,0,0,10,0,0,0
"2430","Trichoptera","PHILOPOTAMIDAE","PHILOPOTAMINAE","Philopotamus montanus montanus",0,0,0,0,0,0,10,0,0,0
"2431","Trichoptera","PHILOPOTAMIDAE","PHILOPOTAMINAE","Philopotamus montanus siculus",0,0,0,0,0,0,10,0,0,0
"2432","Trichoptera","PHILOPOTAMIDAE","PHILOPOTAMINAE","Philopotamus variegatus variegatus",0,0,0,0,0,0,10,0,0,0
"2433","Trichoptera","PHILOPOTAMIDAE","PHILOPOTAMINAE","Wormaldia copiosa botosaneaunui",0,0,0,0,0,0,10,0,0,0
"2434","Trichoptera","PHILOPOTAMIDAE","PHILOPOTAMINAE","Wormaldia copiosa copiosa",0,0,0,0,0,0,10,0,0,0
"2435","Trichoptera","PHILOPOTAMIDAE","PHILOPOTAMINAE","Wormaldia mediana mediana",0,0,0,0,0,0,10,0,0,0
"2436","Trichoptera","PHILOPOTAMIDAE","PHILOPOTAMINAE","Wormaldia occipitalis bosniaca",0,0,0,0,0,0,10,0,0,0
"2437","Trichoptera","PHILOPOTAMIDAE","PHILOPOTAMINAE","Wormaldia occipitalis morettii",0,0,0,0,0,0,10,0,0,0
"2438","Trichoptera","PHILOPOTAMIDAE","PHILOPOTAMINAE","Wormaldia occipitalis occipitalis",0,0,0,0,0,0,10,0,0,0
"2439","Trichoptera","PHILOPOTAMIDAE","PHILOPOTAMINAE","Wormaldia pulla marlieri",0,0,0,0,0,0,10,0,0,0
"2440","Trichoptera","PHILOPOTAMIDAE","PHILOPOTAMINAE","Wormaldia pulla pulla",0,0,0,0,0,0,10,0,0,0
"2441","Trichoptera","PHILOPOTAMIDAE","PHILOPOTAMINAE","Wormaldia subnigra",0,0,0,0,0,0,10,0,0,0
"2442","Trichoptera","PHRYGANEIDAE","PHRYGANEINAE","Agrypnia obsoleta",0,0,0,3,1,0,0,6,0,0
"2443","Trichoptera","PHRYGANEIDAE","PHRYGANEINAE","Agrypnia pagetana",0,0,0,3,1,0,0,6,0,0
"2444","Trichoptera","PHRYGANEIDAE","PHRYGANEINAE","Agrypnia picta",0,0,0,3,1,0,0,6,0,0
"2445","Trichoptera","PHRYGANEIDAE","PHRYGANEINAE","Agrypnia varia",0,0,0,3,1,0,0,6,0,0
"2446","Trichoptera","PHRYGANEIDAE","PHRYGANEINAE","Hagenella clathrata",0,0,0,5,0,0,0,5,0,0
"2447","Trichoptera","PHRYGANEIDAE","PHRYGANEINAE","Oligostomis reticulata",4,0,0,2,4,0,0,0,0,0
"2448","Trichoptera","PHRYGANEIDAE","PHRYGANEINAE","Oligotricha striata",0,0,0,3,1,0,0,6,0,0
"2449","Trichoptera","PHRYGANEIDAE","PHRYGANEINAE","Phryganea bipunctata",1,0,0,2,1,0,0,6,0,0
"2450","Trichoptera","PHRYGANEIDAE","PHRYGANEINAE","Phryganea grandis grandis",1,0,0,2,1,0,0,6,0,0
"2451","Trichoptera","PHRYGANEIDAE","PHRYGANEINAE","Trichostegia minor",3,0,0,2,1,0,0,4,0,0
"2452","Trichoptera","POLYCENTROPODIDAE","POLYCENTROPODINAE","Cyrnus crenaticornis",0,0,0,0,0,0,1,9,0,0
"2453","Trichoptera","POLYCENTROPODIDAE","POLYCENTROPODINAE","Cyrnus flavidus",0,0,0,0,0,0,1,9,0,0
"2454","Trichoptera","POLYCENTROPODIDAE","POLYCENTROPODINAE","Cyrnus insolutus",0,0,0,0,0,0,1,9,0,0
"2455","Trichoptera","POLYCENTROPODIDAE","POLYCENTROPODINAE","Cyrnus trimaculatus",0,0,0,0,0,0,1,9,0,0
"2456","Trichoptera","POLYCENTROPODIDAE","POLYCENTROPODINAE","Holocentropus dubius",0,0,0,0,0,0,1,9,0,0
"2457","Trichoptera","POLYCENTROPODIDAE","POLYCENTROPODINAE","Holocentropus picicornis",0,0,0,0,0,0,1,9,0,0
"2458","Trichoptera","POLYCENTROPODIDAE","POLYCENTROPODINAE","Holocentropus stagnalis",0,0,0,0,0,0,1,9,0,0
"2459","Trichoptera","POLYCENTROPODIDAE","POLYCENTROPODINAE","Neureclipsis bimaculata",0,0,0,0,0,0,1,9,0,0
"2460","Trichoptera","POLYCENTROPODIDAE","POLYCENTROPODINAE","Plectrocnemia brevis",0,0,0,0,0,0,1,9,0,0
"2461","Trichoptera","POLYCENTROPODIDAE","POLYCENTROPODINAE","Plectrocnemia conspersa conspersa",0,0,0,0,0,0,1,9,0,0
"2462","Trichoptera","POLYCENTROPODIDAE","POLYCENTROPODINAE","Plectrocnemia geniculata calabrica",0,0,0,0,0,0,1,9,0,0
"2463","Trichoptera","POLYCENTROPODIDAE","POLYCENTROPODINAE","Plectrocnemia geniculata corsicana",0,0,0,0,0,0,1,9,0,0
"2464","Trichoptera","POLYCENTROPODIDAE","POLYCENTROPODINAE","Plectrocnemia geniculata factiosa",0,0,0,0,0,0,1,9,0,0
"2465","Trichoptera","POLYCENTROPODIDAE","POLYCENTROPODINAE","Plectrocnemia geniculata geniculata",0,0,0,0,0,0,1,9,0,0
"2466","Trichoptera","POLYCENTROPODIDAE","POLYCENTROPODINAE","Polycentropus excisus",0,0,0,0,0,0,1,9,0,0
"2467","Trichoptera","POLYCENTROPODIDAE","POLYCENTROPODINAE","Polycentropus flavomaculatus flavomaculatus",0,0,0,0,0,0,1,9,0,0
"2468","Trichoptera","POLYCENTROPODIDAE","POLYCENTROPODINAE","Polycentropus irroratus",0,0,0,0,0,0,1,9,0,0
"2469","Trichoptera","PSYCHOMYIIDAE","PSYCHOMYIINAE","Lype phaeopa",8,0,2,0,0,0,0,0,0,0
"2470","Trichoptera","PSYCHOMYIIDAE","PSYCHOMYIINAE","Lype reducta",8,0,2,0,0,0,0,0,0,0
"2471","Trichoptera","PSYCHOMYIIDAE","PSYCHOMYIINAE","Psychomyia fragilis",8,0,0,0,1,0,1,0,0,0
"2472","Trichoptera","PSYCHOMYIIDAE","PSYCHOMYIINAE","Psychomyia pusilla",6,0,0,0,2,0,1,1,0,0
"2473","Trichoptera","PSYCHOMYIIDAE","PSYCHOMYIINAE","Tinodes assimilis",8,0,0,0,1,0,1,0,0,0
"2474","Trichoptera","PSYCHOMYIIDAE","PSYCHOMYIINAE","Tinodes braueri",8,0,0,0,1,0,1,0,0,0
"2475","Trichoptera","PSYCHOMYIIDAE","PSYCHOMYIINAE","Tinodes dives consiglioi",8,0,0,0,1,0,1,0,0,0
"2476","Trichoptera","PSYCHOMYIIDAE","PSYCHOMYIINAE","Tinodes dives dives",8,0,0,0,1,0,1,0,0,0
"2477","Trichoptera","PSYCHOMYIIDAE","PSYCHOMYIINAE","Tinodes kimminsi",8,0,0,0,1,0,1,0,0,0
"2478","Trichoptera","PSYCHOMYIIDAE","PSYCHOMYIINAE","Tinodes maculicornis",8,0,0,0,1,0,1,0,0,0
"2479","Trichoptera","PSYCHOMYIIDAE","PSYCHOMYIINAE","Tinodes pallidulus",8,0,0,0,1,0,1,0,0,0
"2480","Trichoptera","PSYCHOMYIIDAE","PSYCHOMYIINAE","Tinodes rostocki",8,0,0,0,1,0,1,0,0,0
"2481","Trichoptera","PSYCHOMYIIDAE","PSYCHOMYIINAE","Tinodes unicolor",8,0,0,0,1,0,1,0,0,0
"2482","Trichoptera","PSYCHOMYIIDAE","PSYCHOMYIINAE","Tinodes waeneri waeneri",7,0,0,0,1,0,1,1,0,0
"2483","Trichoptera","PSYCHOMYIIDAE","PSYCHOMYIINAE","Tinodes zelleri",8,0,0,0,1,0,1,0,0,0
"2484","Trichoptera","PTILOCOLEPIDAE","PTILOCOLEPINAE","Ptilocolepus granulatus granulatus",2,0,0,6,2,0,0,0,0,0
"2485","Trichoptera","RHYACOPHILIDAE","[Fam:RHYACOPHILIDAE]","Rhyacophila adjuncta",0,0,0,0,0,0,0,10,0,0
"2486","Trichoptera","RHYACOPHILIDAE","[Fam:RHYACOPHILIDAE]","Rhyacophila albardana",0,0,0,0,0,0,0,10,0,0
"2487","Trichoptera","RHYACOPHILIDAE","[Fam:RHYACOPHILIDAE]","Rhyacophila angelieri",0,0,0,0,0,0,0,10,0,0
"2488","Trichoptera","RHYACOPHILIDAE","[Fam:RHYACOPHILIDAE]","Rhyacophila appennina",0,0,0,0,0,0,0,10,0,0
"2489","Trichoptera","RHYACOPHILIDAE","[Fam:RHYACOPHILIDAE]","Rhyacophila aquitanica aquitanica",0,0,0,0,0,0,0,10,0,0
"2490","Trichoptera","RHYACOPHILIDAE","[Fam:RHYACOPHILIDAE]","Rhyacophila arcangelina",0,0,0,0,0,0,0,10,0,0
"2491","Trichoptera","RHYACOPHILIDAE","[Fam:RHYACOPHILIDAE]","Rhyacophila arties",0,0,0,0,0,0,0,10,0,0
"2492","Trichoptera","RHYACOPHILIDAE","[Fam:RHYACOPHILIDAE]","Rhyacophila aurata",0,0,0,0,0,0,0,10,0,0
"2493","Trichoptera","RHYACOPHILIDAE","[Fam:RHYACOPHILIDAE]","Rhyacophila bonaparti",0,0,0,0,0,0,0,10,0,0
"2494","Trichoptera","RHYACOPHILIDAE","[Fam:RHYACOPHILIDAE]","Rhyacophila dorsalis acutidens",0,0,0,0,0,0,0,10,0,0
"2495","Trichoptera","RHYACOPHILIDAE","[Fam:RHYACOPHILIDAE]","Rhyacophila dorsalis dorsalis",0,0,0,0,0,0,0,10,0,0
"2496","Trichoptera","RHYACOPHILIDAE","[Fam:RHYACOPHILIDAE]","Rhyacophila dorsalis persimilis",0,0,0,0,0,0,0,10,0,0
"2497","Trichoptera","RHYACOPHILIDAE","[Fam:RHYACOPHILIDAE]","Rhyacophila eatoni",0,0,0,0,0,0,0,10,0,0
"2498","Trichoptera","RHYACOPHILIDAE","[Fam:RHYACOPHILIDAE]","Rhyacophila evoluta",0,0,0,0,0,0,0,10,0,0
"2499","Trichoptera","RHYACOPHILIDAE","[Fam:RHYACOPHILIDAE]","Rhyacophila fasciata denticulata",0,0,0,0,0,0,0,10,0,0
"2500","Trichoptera","RHYACOPHILIDAE","[Fam:RHYACOPHILIDAE]","Rhyacophila fasciata fasciata",0,0,0,0,0,0,0,10,0,0
"2501","Trichoptera","RHYACOPHILIDAE","[Fam:RHYACOPHILIDAE]","Rhyacophila ferox",0,0,0,5,0,0,0,5,0,0
"2502","Trichoptera","RHYACOPHILIDAE","[Fam:RHYACOPHILIDAE]","Rhyacophila foliacea",0,0,0,0,0,0,0,10,0,0
"2503","Trichoptera","RHYACOPHILIDAE","[Fam:RHYACOPHILIDAE]","Rhyacophila glareosa",0,0,0,0,0,0,0,10,0,0
"2504","Trichoptera","RHYACOPHILIDAE","[Fam:RHYACOPHILIDAE]","Rhyacophila hartigi",0,0,0,0,0,0,0,10,0,0
"2505","Trichoptera","RHYACOPHILIDAE","[Fam:RHYACOPHILIDAE]","Rhyacophila hirticornis",0,0,0,0,0,0,0,10,0,0
"2506","Trichoptera","RHYACOPHILIDAE","[Fam:RHYACOPHILIDAE]","Rhyacophila intermedia",0,0,0,0,0,0,0,10,0,0
"2507","Trichoptera","RHYACOPHILIDAE","[Fam:RHYACOPHILIDAE]","Rhyacophila italica ilvana",0,0,0,0,0,0,0,10,0,0
"2508","Trichoptera","RHYACOPHILIDAE","[Fam:RHYACOPHILIDAE]","Rhyacophila italica italica",0,0,0,0,0,0,0,10,0,0
"2509","Trichoptera","RHYACOPHILIDAE","[Fam:RHYACOPHILIDAE]","Rhyacophila kelnerae",0,0,0,0,0,0,0,10,0,0
"2510","Trichoptera","RHYACOPHILIDAE","[Fam:RHYACOPHILIDAE]","Rhyacophila laevis",0,0,0,0,0,0,0,10,0,0
"2511","Trichoptera","RHYACOPHILIDAE","[Fam:RHYACOPHILIDAE]","Rhyacophila laufferi",0,0,0,0,0,0,0,10,0,0
"2512","Trichoptera","RHYACOPHILIDAE","[Fam:RHYACOPHILIDAE]","Rhyacophila lusitanica",0,0,0,0,0,0,0,10,0,0
"2513","Trichoptera","RHYACOPHILIDAE","[Fam:RHYACOPHILIDAE]","Rhyacophila martynovi martynovi",0,0,0,0,0,0,0,10,0,0
"2514","Trichoptera","RHYACOPHILIDAE","[Fam:RHYACOPHILIDAE]","Rhyacophila melpomene",0,0,0,0,0,0,0,10,0,0
"2515","Trichoptera","RHYACOPHILIDAE","[Fam:RHYACOPHILIDAE]","Rhyacophila meridionalis",1,0,0,1,0,0,0,8,0,0
"2516","Trichoptera","RHYACOPHILIDAE","[Fam:RHYACOPHILIDAE]","Rhyacophila meyeri",0,0,0,0,0,0,0,10,0,0
"2517","Trichoptera","RHYACOPHILIDAE","[Fam:RHYACOPHILIDAE]","Rhyacophila mocsaryi mocsaryi",1,0,0,1,0,0,0,8,0,0
"2518","Trichoptera","RHYACOPHILIDAE","[Fam:RHYACOPHILIDAE]","Rhyacophila munda",0,0,0,0,0,0,0,10,0,0
"2519","Trichoptera","RHYACOPHILIDAE","[Fam:RHYACOPHILIDAE]","Rhyacophila nubila",0,0,0,0,0,0,0,10,0,0
"2520","Trichoptera","RHYACOPHILIDAE","[Fam:RHYACOPHILIDAE]","Rhyacophila obliterata",0,0,0,0,0,0,0,10,0,0
"2521","Trichoptera","RHYACOPHILIDAE","[Fam:RHYACOPHILIDAE]","Rhyacophila occidentalis",1,0,0,1,0,0,0,8,0,0
"2522","Trichoptera","RHYACOPHILIDAE","[Fam:RHYACOPHILIDAE]","Rhyacophila orobica",0,0,0,0,0,0,0,10,0,0
"2523","Trichoptera","RHYACOPHILIDAE","[Fam:RHYACOPHILIDAE]","Rhyacophila pallida",0,0,0,0,0,0,0,10,0,0
"2524","Trichoptera","RHYACOPHILIDAE","[Fam:RHYACOPHILIDAE]","Rhyacophila palmeni",0,0,0,0,0,0,0,10,0,0
"2525","Trichoptera","RHYACOPHILIDAE","[Fam:RHYACOPHILIDAE]","Rhyacophila pascoei",0,0,0,0,0,0,0,10,0,0
"2526","Trichoptera","RHYACOPHILIDAE","[Fam:RHYACOPHILIDAE]","Rhyacophila philopotamoides",0,0,0,0,0,0,0,10,0,0
"2527","Trichoptera","RHYACOPHILIDAE","[Fam:RHYACOPHILIDAE]","Rhyacophila polonica",0,0,0,0,0,0,0,10,0,0
"2528","Trichoptera","RHYACOPHILIDAE","[Fam:RHYACOPHILIDAE]","Rhyacophila praemorsa",0,0,0,0,0,0,0,10,0,0
"2529","Trichoptera","RHYACOPHILIDAE","[Fam:RHYACOPHILIDAE]","Rhyacophila producta",0,0,0,0,0,0,0,10,0,0
"2530","Trichoptera","RHYACOPHILIDAE","[Fam:RHYACOPHILIDAE]","Rhyacophila pubescens",0,0,0,0,0,0,0,10,0,0
"2531","Trichoptera","RHYACOPHILIDAE","[Fam:RHYACOPHILIDAE]","Rhyacophila pulchra",0,0,0,0,0,0,0,10,0,0
"2532","Trichoptera","RHYACOPHILIDAE","[Fam:RHYACOPHILIDAE]","Rhyacophila ravizzai",0,0,0,0,0,0,0,10,0,0
"2533","Trichoptera","RHYACOPHILIDAE","[Fam:RHYACOPHILIDAE]","Rhyacophila rectispina",0,0,0,0,0,0,0,10,0,0
"2534","Trichoptera","RHYACOPHILIDAE","[Fam:RHYACOPHILIDAE]","Rhyacophila relicta",0,0,0,0,0,0,0,10,0,0
"2535","Trichoptera","RHYACOPHILIDAE","[Fam:RHYACOPHILIDAE]","Rhyacophila rougemonti",0,0,0,0,0,0,0,10,0,0
"2536","Trichoptera","RHYACOPHILIDAE","[Fam:RHYACOPHILIDAE]","Rhyacophila rupta rupta",0,0,0,0,0,0,0,10,0,0
"2537","Trichoptera","RHYACOPHILIDAE","[Fam:RHYACOPHILIDAE]","Rhyacophila simulatrix simulatrix",0,0,0,0,0,0,0,10,0,0
"2538","Trichoptera","RHYACOPHILIDAE","[Fam:RHYACOPHILIDAE]","Rhyacophila simulatrix vinconi",0,0,0,0,0,0,0,10,0,0
"2539","Trichoptera","RHYACOPHILIDAE","[Fam:RHYACOPHILIDAE]","Rhyacophila stigmatica",0,0,0,0,0,0,0,10,0,0
"2540","Trichoptera","RHYACOPHILIDAE","[Fam:RHYACOPHILIDAE]","Rhyacophila tarda",0,0,0,0,0,0,0,10,0,0
"2541","Trichoptera","RHYACOPHILIDAE","[Fam:RHYACOPHILIDAE]","Rhyacophila terpsichore",0,0,0,0,0,0,0,10,0,0
"2542","Trichoptera","RHYACOPHILIDAE","[Fam:RHYACOPHILIDAE]","Rhyacophila torrentium",0,0,0,0,0,0,0,10,0,0
"2543","Trichoptera","RHYACOPHILIDAE","[Fam:RHYACOPHILIDAE]","Rhyacophila tristis",1,0,0,1,0,0,0,8,0,0
"2544","Trichoptera","RHYACOPHILIDAE","[Fam:RHYACOPHILIDAE]","Rhyacophila vallisclausae",0,0,0,0,0,0,0,10,0,0
"2545","Trichoptera","RHYACOPHILIDAE","[Fam:RHYACOPHILIDAE]","Rhyacophila vandeli",0,0,0,0,0,0,0,10,0,0
"2546","Trichoptera","RHYACOPHILIDAE","[Fam:RHYACOPHILIDAE]","Rhyacophila vulgaris",0,0,0,0,0,0,0,10,0,0
"2547","Trichoptera","SERICOSTOMATIDAE","[Fam:SERICOSTOMATIDAE]","Notidobia ciliaris",0,0,0,10,0,0,0,0,0,0
"2548","Trichoptera","SERICOSTOMATIDAE","[Fam:SERICOSTOMATIDAE]","Oecismus monedula monedula",0,0,0,10,0,0,0,0,0,0
"2549","Trichoptera","SERICOSTOMATIDAE","[Fam:SERICOSTOMATIDAE]","Sericostoma flavicorne",0,0,0,9,0,0,0,1,0,0
"2550","Trichoptera","SERICOSTOMATIDAE","[Fam:SERICOSTOMATIDAE]","Sericostoma personatum",0,0,0,9,0,0,0,1,0,0
"2551","Trichoptera","UENOIDAE","THREMMATINAE","Thremma gallicum gallicum",10,0,0,0,0,0,0,0,0,0
